ip,duration,positive,id,Xs,Exclude,relax_1,relax_2,relax_3,relax_4,relax_5,relax_6,relax_time,awake_1,awake_2,awake_3,awake_4,awake_5,awake_6,awake_time,hot_1,hot_2,hot_3,hot_4,hot_5,hot_6,hot_time,cold_1,cold_2,cold_3,cold_4,cold_5,cold_6,cold_time,pay_1,pay_2,pay_3,pay_4,pay_5,pay_6,pay_time,pet_1,pet_2,pet_3,pet_4,pet_5,pet_6,pet_time,transport_1,transport_2,transport_3,transport_4,transport_5,transport_6,transport_time,draw_1,draw_2,draw_3,draw_4,draw_5,draw_6,draw_time,fire_1,fire_2,fire_3,fire_4,fire_5,fire_6,fire_time,light_1,light_2,light_3,light_4,light_5,light_6,light_time,cut_1,cut_2,cut_3,cut_4,cut_5,cut_6,cut_time,stick_1,stick_2,stick_3,stick_4,stick_5,stick_6,stick_time,contact_1,contact_2,contact_3,contact_4,contact_5,contact_6,contact_time,mask_1,mask_2,mask_3,mask_4,mask_5,mask_6,mask_time,meat_1,meat_2,meat_3,meat_4,meat_5,meat_6,meat_time
68.119.43.1,926,FALSE,A3FOKP72T5I4FR,0,,DOG,CAT,roommate,FRIDGE,DRYER,WASHER,34,TV,WASHER,DRYER,FRIDGE,MICROWAVE,SHOWER,24,FURNACE,TV,SOFA,WASHER,DRYER,HEATER,25,SOFA,CHAIR,BED,TV,PLAYSTATION,HEADPHONES,28,CLOTHES,PHONE,PEN,PAPER,KEYS,MINTS,21,DOG FOOD,CAT FOOD,CAT SCRATCHER,DOG HOUSE,AQUARIUM,BIRD SEED,36,HAMMER,WOOD,NAILS,CABINET,WASHER,DRYER,34,CUP,BOWL,WIRES,DOG FOOD,PLATES,CHIPS,419,FOOD,DISHES,MICROWAVE,PAPER,TRASH,CLEANING SUPPLIES,28,BILLS,COINS,LINT,NOTHING,HAIRTIE,WALLET,45,PENCILS,PENS,PAPER,CHARGER,COINS,LIPSTICK,28,BED,TV,SHOWER,WINDOW,PAPER,BOOKS,21,GAMES,CALENDAR,CLOCK,GP TRACKING,BANKING INFO,WORK,66,WALLET,SUNGLASSES,COINS,MONEY,PEN,KEYS,24,NOODLES,VEGETABLES,CURRY,PLATES,WORKERS,SILERWARE,27.617
47.224.50.72,1074,FALSE,AUFUUD4WG9CVO,0,,tabl,chair,milk,telescop,hamper,weight,44,couch,dvd player,tv,milk,dog,bed,33,blanket,fireplac,fishing rod,tabl,chair,gun,42,fishing pol,net,ax,saw,tabl,box,31,chapstick,gum,phon,granola bar,mint,Kleenex,52,pet food,cag,pet toy,pet treat,book,grooming tool,75,tir,ga can,work bench,oil,tool,fire extinguisher,31,plat,cup,silverwar,photograph,collectabl,doll,33,banana,water,orang,milk,cok,bread,34,gum,wallet,key,mask,id card,sunglas,29,nail,tape measur,fork,spoon,fishing lin,key,38,beanbag chair,bong,mountain dew,cheeto,match,weed,33,hi mother,hi father,hi grandmother,hi best friend,hi ex,hi bos,25,gum,mint,wallet,phon,key,pen,38,egg,mushroom,bamboo shoot,ric,tofu,seitan,37.339
96.58.8.22,674,FALSE,A2MWAXV1YRK5GH,0,,pencil,paper,phon,lamp,calendar,printer,94,blanket,desk,chair,lamp,sho,book,59,chair,tabl,lamp,rug,TV,stov,44,plant,chair,tabl,sofa,pictur,sink,56,book,pencil,notepad,mask,candy,AAA membership card,87,bell,register,light,plant,chair,bin,72,lawn mower,rak,shovel,fertilizer,hammer,saw,43,glu,string,bead,rubber stamp,ruler,ink pad,109,tabl,stov,fridg,chair,spoon,knif,46,string,penni,pencil,credit card,gum,candy,45,paper clip,glu,aspirin,printer paper,lotion,penni,96,tabl,bed,lamp,book,candl,guitar,55,doctor number,Amazon app,email,photo,camera,new,76,key,pencil,credit card,money,paper clip,shopping list,56,vegetabl,noodl,dumpling,egg,cocktail,broth,137.293
73.196.253.146,1613,FALSE,AMELYCC59JKB0,0,,tabl,chair,microwav,fridg,rug,pictur,32,couch,chair,microwav,toothpast,dresser,rug,23,bed,blanket,fridg,plat,cup,fork,23,couch,tabl,chair,fridg,microwav,lamp,36,receipt,shopping list,gum,notebook,folder,pen,45,dog food,cat food,bird food,collar,leash,litter,27,shovel,hammer,saw,lawnmower,weed whacker,screw,36,fabric,glu,sticker,glitter,sequin,thread,77,plat,bowl,cup,fork,kniv,spoon,20,chang,receipt,dollar bill,wallet,pen,gum,30,pen,notebook,paper clip,stapler,white out,marker,31,bed,desk,chair,fan,pen,book,26,pictur,song,text messag,bank app,social media app,phone log,58,wallet,phon,shopping list,receipt,pen,gum,31,noodl,eggrol,soup,tofu,bread,fortune cooki,37.885
67.163.202.164,1131,FALSE,A1F1TBDHPYAAXT,0,,vacuum cleaner,sink,water filter,fridg,stov,diswasher,39,counter,desk,bed,bread,painting,drap,32,sofa,bed,fridg,sink,vacuum cleaner,chair,36,sofa,bed,shelf,book,sink,refrigeratyor,39,addres book,book,glov,perfum,makeup,calendar,43,cag,pet food,cash register,bathroom,sal associat,floor,53,lawn mower,hot water heater,trash,hammer,plier,nail,50,soup,canned tuna,sardin,coffee filter,gum,fire extinguisher,64,silverwar,coffee maker,dishwasher,bread,expresso machin,small TV,51,key,phon,coin,wallet,receipt,gum,45,tool,silverwar,receipt,coupon,pen,pencil,38,desk,bed,mirror,toilet,sink,toothbrush,30,bank app,new app,dialing pad,message app,grocery store app,amazon app,55,bread,appl,toilet paper,frozen dinner,peanut butter,banana,61,noodl,sak,hot sauc,bread,soup,lentil,53.464
75.133.29.59,725,FALSE,A3EGXFT5MXGKKO,0,,oven,stool,rug,sho,door,doorbell,94,gift box,poster,calendar,couch,tv,miniblind,30,rug,couch,tv,artwork,stair,cat tre,26,mattres,artwork,calendar,cereal,bathroom,milk,31,envelop,mask,notebook,pencil,pen,paperclip,29,cat food,treat,cag,dish,shampoo,toy,24,door opener,toolbox,saw,lath,chisel,3d printer,38,towel,medicin,empty box,backpack,tshirt,jean,28,pantry,can,microwav,fridg,chair,coffeemaker,34,coin,dollar bill,cotton swab,handkerchief,wallet,photo,35,Cotton ball,batteri,vitamin,cat treat,aluminum foil,stationary,39,dishcloth,book,cat,peanut butter,shampoo,phon,28,gam,clock,calculator,document,video,photo,19,tweezer,flashlight,wallet,camera,phon,coin,37,milkshak,soda,cooki,cak,vegetable broth,utensil,51.637
73.228.143.226,355,FALSE,A1DX0Z20W07YOR,1,,Exercise equipment,Stereo,Game system,coffee maker,Tool,X,155,fridg,Couch,tv set,stereo,Rug,Candl,78,fireplac,stov,microwav,towel,blanket,couch,100,couch,tabl,chair,bug,bear rug,marshmallow,93,Gum,phon,headphon,bu pas,tissu,pen,55,Pet food,Pet clothing,Pet toy,Pet accessori,Pet container,Literature about pets( Training guides ),109,Tool,garbag,Stored belonging,exercise equipment,Portable chair,toy,84,rag,turpentin,clay,apron,pipe cleaner,sticker,135,fridg,sink,food,dishwasher,trash can,pan,63,money,lint,receipt,candy,key,ID,65,twist ti,button,batteri,soy sauce packet,birthday candl,flashlight,105,desk,bed,bookshelf,laptop,dresser,window,71,Photo,game app,saved password,social media,family contact,music,75,Wallet,Phon,Headphon,Candy,loose chang,bottle of water,58,Soup,salad,ric,brocolli,egg roll,saki,184.14
24.101.43.42,944,FALSE,A281NYJUA83Y3Y,0,,Soda,Juic,Water,Gatorad,Lemonad,Fresca,100,Water,fridg,Couch,Sink,Tabl,Chair,19,Pillow,Blanket,Jacket,Boot,Glov,Hat,224,Fishing pol,Couch,Sink,TV,Book,Bathroom,35,Sunglas,Key,Chapstick,Hand Sanitizer,Lighter,Face mask,114,Dog Food,Fish,Collar,Cat treat,Cat collar,Dog toy,87,Football,Cleat,Power tool,Yard tool,Box,Cloth,46,Clay,Paint,Brush,Ruler,Glitter,Sparkl,508,Knif,Fork,Ic,Glas,Mug,Plat,40,Key,Phon,Coin,Dollar,Wallet,Hand Sanitizer,48,Pen,Paper,Paper Clip,Ruler,Sharpi,Calculator,82,Pencil,Textbook,Ruler,Calculator,Laptop,Cup,93,Map App,Bank App,Text Messag,Email,Alarm Clock,Not,25,Extra Bag,Key,Wallet,Sun glas,Hand Sanitizer,Wip,43,Mushroom,Bok Choy,Fish Cak,Onion,Bean Sprout,Udon,147.982
75.191.84.240,2806,FALSE,A7QCRGQN5N9H0,12,,tax form,pot and pan,dog,weight,exercise bik,X,34,soap,dog,cup,couch,pan,X,21,blanket,pillow,sleeping bag,cat,X,X,175,chair,tabl,flashlight,book,X,X,48,lipstick,eyeshadow,coinpurs,pencil,driver licens,candy,48,cat food,cat litter,dog toy,dog treat,dog leash,fish food,33,drill,hammer,nail,garbage bag,X,X,13,cracker,chip,bean,pasta,shampoo,towel,27,pot,pan,fridg,bread,egg,X,57,gum,coin,driver licens,wallet,candy,cigarett,20,underwear,batteri,hair ti,toothpast,deodorant,credit card,54,paper,blanket,chair,Playstation,sho,boot,20,pictur,Facebook,video,mem,email,X,55,utility knif,flashlight,cigarett,wallet,pencil,X,27,noodl,dumpling,vegetable tempura,fried ric,bubble tea,X,35.26
184.2.66.228,1240,FALSE,A2YM7JPXVLEDM3,5,,stereo,drum,desk,lamp,X,X,54,tea,tv,stereo,blanket,pillow,couch,94,couch,fireplac,blanket,rug,jacket,wood,55,marshmallow,canned food,wood,ic,X,X,143,phon,car key,house key,ID,pen,gum,45,dog food,collar,dog bed,fish food,fish bowl,dog sweater,43,paint,tool,trash can,Recycling,canned food,freezer,42,glu,paper,cardboard,brush,water,cup,22,chang,wallet,gum,phon,cash,hair ti,38,gum,wallet,ID,cash,reciept,tissu,44,spoon,fork,ladl,rubber band,lighter,pen,35,rubber band,soup,food,coffe,tabl,rug,163,gam,contact for sal department,number for family member,number for friend,number for HR department,calendar,73,wallet,cash,chang,ID,gum,lighter,16,Vegetabl,fish,egg,noodl,broth,X,39.072
73.136.155.223,819,FALSE,AMV1E7FFPVAW4,11,,tv,mirror,portrait,carpet,computer,window,56,sofa,chair,mirror,fridg,cupboard,computer,75,desk,cup,chair,carpet,bed,lamp,43,food,garbage can,carpet,mirror,X,X,42,key,phon,headphon,tissu,sanitizer,X,35,cag,pet food,toy,shelv,X,X,65,tool,box,lawn mower,paint,treadmill,rack,79,cup,dish,canned good,storage container,X,X,36,cup,dish,utensil,mixer,coffee machin,pot,31,tissu,money,key,lint,army knif,reciept,46,makeup,dish,spoon,towel,X,cup,53,bed,chair,desk,mirror,coffee machin,carpet,57,app,pictur,calendar,music,X,X,65,wallet,key,money,credit card,tissu,chapstick,39,noodl,vegetabl,ric,sauc,X,spic,52.253
75.8.74.35,606,FALSE,AD7KTCCMS4A96,0,,Toilet,Carpet,Tabl,Oven,Sink,fan,52,Milk,Fork,Spoon,Knif,Cutting Board,Glas cup,23,Tabl,Chair,Love Seat,Sofa,Recliner,Sink,25,Couch,Carpet,Chair,Tabl,Lamp,Bed,41,Chapstick,Key,Facemask,Pen,Pencil,Lipstick,32,Pet Food,Leash,Dog food bowl,Dog Toy,Cat Treat,Carpet Cleaner,32,Paint,Leaf Blower,Potting Soil,Rak,Shovel,Ho,28,Salt,Pepper,Oregano,Garlic Powder,Olive Oil,Pam Spray,27,Kniv,Fork,Spoon,Pan,Pot Holder,Plat,25,Key,Wallet,Phon,Reciept,Chapstick,Loose Chang,36,Spoon,Oven Mit,Measuring Cup,Straw,Dish towel,meat thermometer,42,Bed,Tabl,Computer,Carpet,TV,Chair,24,Calculator,Alarm,Weather,Podcast,Netflix,Hulu,40,Cigarett,Lighter,Wallet,Key,Phon,Chapstick,17,Noodl,Broccoli,Pea,Mushroom,Onion,Tofu,19.862
173.47.178.202,789,FALSE,A12BSUP66MCLAI,0,,excersise equipment,table,lamp,closet,vacuum,dishwasher,80,chair,couch,tv,stereo,tabl,sink,33,tabl,couch,fireplac,dish,space heater,blanket,42,couch,toilet,sink,dish,radio,desk,45,phon,paper,pen,pencil,chapstick,glov,31,pet food,aquarium,dog cag,pet carrier,pet cloth,leash,35,tool,work bench,sport equipment,excerice bik,weight,storage box,40,cup,bowl,plat,soup can,cereal,snack,37,plat,napkin,bowl,silverwar,food,fridg,25,credit card,cash,pen,coin,wallet,key,28,pen,paper,pencil,stapler,book,coupon,26,microwav,bed,desk,sink,chair,bathroom,30,gam,pictur,app,digital wallet,contact,video,40,wallet,phon,key,pen,paper,chapstick,33,ramen,pho,eggroll,wonton,rangoon,shrimp,56.418
24.153.48.30,1593,FALSE,A1FE63K1QT776M,0,,tabl,chair,bed,pillow,desk,laptop,37,tv,remot,gaming consol,controller,couch,chair,33,bed,couch,tv,chair,window,carpet,32,couch,tv,chair,remot,shower,toilet,38,tissu,key,paper,sanitizer,water bottl,map,59,bread,water,pop,potato,tomato,kiwi,34,drill,wrench,hammer,nail,door,workbench,36,cup,board,tissu,towel,nail,tool,72,knif,spoon,fork,plat,bowl,pan,24,gum,wallet,key,licens,phon,chapstick,40,pencil,pen,paper,tissu,ruler,batteri,32,couch,bed,chair,desk,tabl,computer,26,gam,map,pictur,video,social media,text,49,key,wallet,money,licens,sanitizer,gum,37,ric,potato,cak,kiwi,tomato,appl,35.773
74.72.156.172,1808,FALSE,ADR5NXD0FGONS,2,,coffe,tv,video gam,treadmill,computer,homework,55,tv,food,cat,dog,sleeping pill,book,60,heater,blanket,sweatshirt,couch,tabl,chair,33,AC,food,couch,tv,mattres,toilet,31,phon,hand sanitzer,key,snack,face mask,glov,49,cat food,dog food,kitty litter,dog toy,cat treat,bird food,31,hiking boot,leaf blower,lawn mower,hos,box,shelv,50,paint brush,paint,sewing needl,thread,pom pom,fabric,31,food,tabl,chair,stov,sink,dishwasher,22,key,coin,cash,pocket knif,wallet,pill,54,shirt,skirt,blous,tap,sewing needl,receipt,34,book,paper,phon,bed,desk,candl,28,social media app,game app,empty contact list,delivery app,shopping app,X,89,phon,glov,key,wallet,hand sanitizer,money,26,vegetarian pho,garlic noodl,tofu soup,vegetable soup,tempura green bean,X,42.397
172.221.230.165,501,FALSE,A32QFJTK9LJXLR,0,,treadmill,exercise tap,trash bin,recycling bin,coffee tabl,canned corn,77,sleeping pill,Blank CD-ROM,Laptop,green onion,perfum,orang,44,space heater,sweater,hiking boot,tanning bed,blanket,fireplac,52,frozen pizza,shower curtain,microwav,tabl,mounted deer head,cast iron pan,51,foreign coin,coupon for another stor,driver licens,mace spray,chewing gum,dvd,57,other shopper,pet food,pet toy,pet cag,store attendant,LED light for basking reptil,43,jetski,ski-doo,workbench,mounted elk head,hunting bow,lumber,56,scrap metal,nail,finished painting,pottery clay,bead,string,55,appl,passport,spoon,corned beef,tomato,spinach,55,rolling paper,lint,beef jerky,wallet,car key,busines card,54,sweater,hat,wool sock,underwear,long john,sex toy,39,band poster,record player,rug,ceiling fan,desk lamp,cactu plant,68,gaming app,sport betting app,calculator app,camera app,music,youtube app,40,mixtap,lighter,camcorder,mystery novel,car key,water,65,tofu ramen,mushroom broth ramen,vegetable tempura,edamam,fried tofu,baked oyster mushroom,62.027
173.88.200.221,724,FALSE,A1S1HF9O791BP9,4,1,couch,meditation,alcohol,herbal tea,treadmill,tv,55,coffe,shower,tea,soda,treadmill,eliptical,52,ice cub,shower,fan,AC,ice bath,open window,54,Wood,match,blanket,heater,coat,glov,36,credit card,chang,gold,silver,gift card,venmo,34,kitten,fish,hamster,gerbal,dog,toy,60,bik,uber,taxi,lift,bu,neighbor,39,pencil,pen,paper,crayon,marker,chalk,34,match,fire starter,stov,oven,coffee maker,toaster,73,phon,lighter,match,pen light,X,X,73,scissor,knif,teeth,nail clipper,razor,box cutter,67,magnet,tap,glu,sticky not,X,X,59,email,twitter,facebook,instagram,whatsup,addres,39,scarf,bandana,Hankerchief,Kleenex,glov,hat,72,noodl,tofu,stir-fry,ric,soup,salad,71.292
76.118.255.44,1038,FALSE,A9ZCY6FLUCIU1,0,?,exercise bik,treadmill,weight,coffe,upcoming tax,sink full dish,88,book,phon,yoga mat,meditation tap,scissor,tap,37,ac,running water,fan,ice cub,juic,beer,32,heater,blanket,booti,thermal underwear,glov,face mask,29,water,fruit,sneaker,candy,tissu,mask,25,book,tap,food,pad,candy,phone card,76,ski,ga,storage box,oil,fridg,dog bed,37,cup,bowl,food,bottl,pan,water,29,pot,pan,fork,plat,spong,soap,29,gum,candy,tissu,hankerchief,drug,key,88,pad,fil,book,phon,pen,pencil,27,fram,box,tap,sticker,folder,category,58,gp,food delivery,laundry ap,calendar,shopping ap,newspaper,53,hand sanitizer,lipstick,mirror,candy,grocery bag,food,75,tofu,shrimp,fish,vegetabl,dumpling,spinach,39.453
47.134.10.175,874,FALSE,A1VVR1MBO0AFXG,0,,tabl,stov,fridg,microwav,tv,spatula,58,tabl,chair,tv,radio,art,cloth,29,chair,tv,food,tabl,art,photo,93,art,tabl,chair,closet,book,tv,48,key,paper,gum,tissu,identification,multitool,51,food,toy,flea collar,medication,scratching post,decoration,56,chair,lawn mower,rak,garden tool,grill,baseball bat,66,stapler,scissor,book,tap,glu,ruler,46,spatula,microwav,refigerator,knif,spoon,fork,23,wallet,money,key,gum,cigarett,credit card,39,tap,paper,paper clip,glu,twin,thumbtack,34,desk,book,bed,tabl,wall,light,33,gam,movie app,banking app,map app,document app,camera app,80,money,key,identification,gum,paper,tissu,29,tofu,vegetable curry,tea,water,vegetable tempura,miso soup,181.337
73.73.137.181,958,FALSE,A3HWJUL2SS2QNT,0,,Snak,Weight,Puzzl,Helmet,Hairdryer,Crack cocain,77,Pillow,Kleenex,Isotonic mineral,Dalmation,French bread,Wand,71,Raft,Machet,Hockey Mask,Nightgown,Camp Crystal Lake Brochur,Egg,43,Icecub,Snow cone machin,Icy-hot salv,Zamboni,Icecream,Penguin,103,Orang,Gnom,Tricycl,Fondue pot,French bread,Parsnip,41,Nietzsche book,KnausgÃ¥rd book,Photo of ghost,Faded pictur,Letter to friend,Blank cassette tap,89,Old car,Fred Krueger,Machine labeled bad dream maker,Kniv,Box labeled wake UP,Mirror,94,Hat,Wand,Imp,Gerbil,Chucky,Chees,45,Spoon,Knif,Fork,Plat,Cup,Glas,48,Key,Fig,Mint,Paperclip,Nutmeg,Sugar,39,Snack,Key,Coin,sprit,paperclip,operation board gam,49,Pencil,Cup,Pen,Walkman,Phonograph,Hula-hoop,38,Pictur,Video,Mem,Cat picutr,App,Skyp,32,Key,Soap,Gum,Mac,Wand,Phon,26,Scallion,Tofu,Egg,Corn,Carrot,Pea,43.682
76.26.87.13,436,FALSE,A3D8ZG1VV5FO35,0,,win,beer,bed,sheet,towel,carpet,56,bread,chair,sofa,bed,shower,milk,36,water,beer,ic,shower,freezer,fan,55,towel,blanket,chair,bed,tabl,fireplac,36,appl,key,pen,mint,gum,flash light,58,dog food,cat food,cat liter,cag,leash,name tag,37,shovel,oil,sled,snowblower,lawnmower,garden shear,51,plat,bowl,cup,mug,cereal,trash bag,65,microwave oven,sink,tabl,chair,placemat,fork,41,phon,key,tissu,lip balm,mint,gum,40,screw driver,razor,wine screw,nail clipper,pen,knif,50,bed,blanket,desk,chair,lamp,book,50,mother phone number,Andy girl friend number,banking app,music playlist,your phone number,grubhub app,139,pen,tissu,tee shirt,coffee mug,sock,baseball cap,60,vegetabl,tofu,fish,squid,salmon,chees,92.138
66.76.208.131,636,FALSE,A1DB55ZHE7ENEH,0,,loud music player,tv on loud,uncomfortable chair,cold shower,banana,cereal,120,book,ironing board,tabl,chair,magazin,flower,71,wool blanket,bed,sofa,recliner,tabl,chair,33,cot,wooden chair,tabl,pictur,tv,stereo,60,candy,gum,receipt,hair brush,calendar,notebook,44,dog bed,leash,dog food,cat food,cat toy,collar,81,rak,garbage can,shovel,tool,basketball,workbench,77,paint,bowl,cup,brush,art book,glitter,108,plat,glas,napkin,fork,spoon,kniv,32,coin,receipt,chap stick,cough drop,credit card,tissu,70,paper clip,thumb tack,marker,pen,pencil,ruler,29,bed,desk,pillow,paper,pencil,book,42,candy crush,angry bird,clock,investment app,calendar,fitnes app,81,candy,gum,coin,credit card,receipt,cough drop,40,carrot,scallion,onion,vegetable broth,tomato,bok choy,62.427
47.36.143.163,682,FALSE,A2HXUTHYA5C1E0,0,,couch,rug,clock,lamp,coffee tabl,sho,45,Bed,sink,trash can,fridg,dresser,window,64,lamp,bed,couch,tabl,chair,bathtub,33,couch,chair,fireplac,TV,kitchen,bedroom,75,shirt,sho,lingeri,sock,hat,jean,71,cat food,dog food,toy,cat litter,fish,pet bed,38,tool,tool box,work bench,work glov,chair,light,46,Glas,plat,spic,canned fruit,Boxed dinner,bean,54,pot,plat,glas,tabl,spoon,fork,33,phon,pocket knif,cash,chang,chapstick,Kleenex,112,pen,pencil,tap,post it,ruler,push pin,49,desk,bed,small fridg,TV,laptop,pillow,45,number,pictur,gam,email,video,youtub,64,wallet,money,credit card,driver licens,phon,mint,63,noodl,broth,utensil,bowl,napkin,cup,72.738
66.148.97.98,684,FALSE,A1OIIHLOC90XCH,0,,TV,Book,Couch,Chair,Bed,Fridg,65,Coffe,Tea,Cok,Caffeine pill,Shower,Towel,91,Bed,Food,Water,Couch,Chair,Tabl,36,Tabl,Chair,Bed,Shower,Toilet,Food,44,Brush,Tissu,Key,Watch,Candy,Mirror,37,Cag,Cash register,Book,Food,Bedding,Ceiling fan,67,Rak,Freezer,Tool,Lawnmower,Trimmer,Tricycl,116,Cup,Bowl,Pot,Can food,Fork,Chip,50,Pot,Stov,Fridg,Container,Purs,Sho,56,Wallet,Key,Tissu,Knif,Phon,Money,56,Underwear,Hankerchief,Wallet,Pictur,Shirt,Short,52,Bed,Dresser,Shower,Toilet,Chair,Book,49,Gam,Addres,Nam,Internet,Music,App,56,Wallet,Tissu,Makeup,Jewelry,Key,Brush,36,Ric,Potato,Soup,Tea,Noodl,Cak,83.276
68.40.132.218,686,FALSE,A255RBA8P0K0XV,0,,window,carpet,vacuum cleaner,broom,mop,trash can,60,stov,tabl,window,door,chair,wall,81,lamp,tv,couch,stov,fridg,radio,47,broom,chair,plat,tabl,window,mat,42,reciept,tissu,brochur,toilet paper,ink pen,paper clip,69,birdcag,kitty litter,dog food,cat food,hamster wheel,fish tank,56,tool,trash can,trash bag,hose pip,shovel,rak,64,mug,plat,cup,dry food,canned food,paper plat,41,knif,spoon,fork,napkin,paper towel,sink,36,lent,coin,paper,credit card,wallet,phon,36,underwear,money,pictur,condom,sock,paper,62,bunk bed,carpet,ceiling fan,pictur,blanket,tv,42,app,video,music,internet,camera,glas,70,hand sanitizor,glov,mac,glas,napkin,wallet,56,vegetabl,fruit,chees,candy,mustard,mayonnais,48.047
71.198.78.38,770,FALSE,A14H63JO45VV04,0,,cymbal,trumpet,drum,bed of nail,razor blad,sword,72,Crack cocain,spoon,lighter,rubber strap,hypodermic needl,tenni ball,130,heater,microwav,stov,fork,vas,lantern,46,swim suit,flip flop,umbrella,broom,pot,pan,42,sho,shirt,pant,underwear,sock,diaper,63,leash,collar,drinking dish,chew toy,scratching post,dog food,74,hammer,nail,fence post,radiator,flat tir,pitch fork,74,rag,can of soup,hammer,super glu,cag,garden tool,90,pot,pan,knif,fork,towel,spoon,46,key,quarter,pocket knif,bolt,wallet,ten dollar bill,70,soccer ball,water bottl,battery,iPad,pot of coffe,window cleaner,71,trophy,hand sanitizer,clown mask,baseball,pen,battery,59,camera,app for Call of Duty,start button,screen,volume button,power button,78,text book,key,Swis army knif,flash light,tenni ball,clas ring,65,kal,lettuc,Cok,punch,tofu,water,72.863
195.206.104.180,571,FALSE,ANHO7XT3KW3IY,0,,tv,Dog,Video game consol,Board gam,Phon,Cloth,83,tv,Computer,Couch,Lamp,Tabl,Toilet,62,Blanket,tv,Phon,Food,Coach,Armchair,50,furnitur,tv,board gam,food,radio,phon,52,Car key,Chapstick,Receipt,Mint,Gum,face mask,48,Pet food,Leash,Dog Tag,Pet Toy,Pet Kennel,Cat litter,37,Hammer,Wrench,Lawn Mower,Shovel,Rak,Lawn Bag,66,Puzzl,Scissor,Glu,Tap,Batteri,Nail,82,Blender,Microwav,fridg,Pan,Food,Sink,39,Receipt,Key,Wallet,Chang,Gum,Paper,55,A lighter,notepad,pen,marker,pin,tap,37,Bed,Computer,Fridg,Cloth,Textbook,Notebook,47,Contact phone number,Text messag,Email,App,Not,Gam,45,Hand Sanitizer,Glov,Key,Chapstick,Wallet,Pen,43,Vegetable tempura,Vegetable ramen,tofu,Eggplant,Zucchini,Carrot,51.393
146.115.73.211,913,FALSE,A345VDWYMDWTGD,0,,rug,washer,dryer,TV,radio,cabinet,40,rug,door,lightswitch,chair,lamp,candl,33,chair,tabl,couch,bed,lamp,sink,59,rug,TV,coffee tabl,chair,couch,end tabl,39,chapstick,hairbrush,hand sanitizer,phon,camera,book,49,pet food,leash,cag,litter,shampoo,cash register,61,paint,wood,shovel,lawn mower,hula hoop,sidewalk chalk,45,cup,plat,toothpick,matchstick,bowl,tupperwar,59,stov,sink,fridg,tabl,blender,toaster,34,chapstick,key,money,credit card,wallet,mirror,26,toothpast,sewing kit,deoderant,razor,hairbrush,makeup,47,microwav,bed,desk,lamp,chair,window,42,Gam,Mom number,Instagram,Dad number,Facebook,photo,49,phon,wallet,key,chapstick,magazin,camera,33,split pea soup,toast with hummu and avocado,raspberry smoothi,yogurt parfait,egg salad sandwich,kale salad,62.039
24.179.174.143,971,FALSE,A3LC6M2EMDBBXP,0,,fridg,toilet,curtain,tabl,trash can,toaster,49,couch,tv,stov,jacket,blanket,toilet,34,tabl,blanket,sink,stov,pillow,rug,56,fan,bathtub,pictur,chair,tabl,sink,52,receipt,trash,gum,candy,key,pen,32,pet food,toy,fish bowl,heat rock,leash,collar,42,ski,garbage can,ball,christma decoration,tenni racket,shelv,59,ribbon,marbl,glitter,glu,needl,thread,75,banana,water,mircowav,fridg,sugar,butter,30,lint,coin,gum,receipt,money,toothpick,78,paper,batteri,marbl,pencil,tap,coin,56,bed,blanket,food,trash,plat,can,35,youtub,amazon,banking app,gam,weather,new,49,wallet,phon,key,reciept,chang,candy,123,ramen,vegetabl,salad,bread,chees,sauc,38.674
67.254.210.204,825,FALSE,A2NMLTECRDWFN2,0,,water,couch,Tv,book,chair,tabl,52,water,food,Tv,couch,tabl and chair,wall fram,49,couch,TV,wall decor,sweater,blanket,food,100,couch,wall decor,tabl,chair,food,bed,27,car key,napkin,pen,notepad,phon,mask,32,food,toy,clothing,water,decoration,bed,35,workout machin,Christma decor,toy,washer and dryer,gardening tool,old shoes,111,cup,glas bottl,plat,wood stick,cleaning suppli,folder,53,plat,kniv,cup,oven,stov,microwav,40,gum,hairband,stickynot,coin,phon,paper clip,73,pen,paperclip,folder,stapler,pictur,glas,33,paper,folder,bed,chair,desk,computer,29,game app,other contact,calendar,social media,weather,calculator,54,key,phon,wallet,pocket chang,napkin,pen,31,soup,ric,lettuc,curry,cooki,bread,38.984
173.79.238.101,997,FALSE,A1LRJ2MQD4AMES,0,,Vacuum cleaner,Computer,Homework,Cloth,Rag,Soap,34,Milk,Water,English muffin,Cereal,Spong,Soap,31,Blanket,Dresser,Glas,Carpet,Plant,Cloth,38,Spoon,Couch,TV,Tabl,Chair,Rug,103,Cloth,Receipt,Sho,Sunglas,Hat,Book,27,Pet food,Leash,Bedding,Fish bowl,Dog clothing,Dog Toy,39,Lawn mower,Weed whacker,Basketball,Shovel,fridg,Tool,28,Glu,Tap,Glitter,Pipe cleaner,Past,Button,73,Bowl,Plat,Cup,Tabl,Food,Spong,20,Key,Wallet,Phon,Coin,Tissu,Receipt,91,Pencil,Pen,Tap,Spoon,Fork,Knif,15,Computer,Cloth,TV,Blanket,Pillow,Book,24,Gam,Bank app,Social media,Family phone number,Friend phone number,Coworker phone number,169,Coin,Tissu,Phon,Aspirin,Jewelry,Paper money,61,Noodl,Sauc,Spic,Soup,Chees,Drink,22.298
184.58.243.124,1030,FALSE,A315ZG72CPNAHV,0,,couch,tabl,lamp,chair,fridg,blanket,107,couch,tv,microwav,stov,chair,milk,49,bed,couch,tv,chair,lamp,tabl,74,couch,tabl,tv,dvd player,rug,pictur,98,key,phon,napkin,candy,brush,hair clamp,117,pet food,treat,dog collar,litter box,pet toy,fish tank,100,lawn mower,saw,weight,box,weed eater,limb cutter,127,clay,construction paper,glu,glitter,scissor,sticker,155,plat,pot,fridg,insta pot,microwav,food,42,wallet,key,money,credit card,tissu,knif,50,book,spoon,towel,pot holder,kitchen cloth,measuring cup,76,bed,book,chair,blanket,chair,computer,99,gam,other phone number,calculator,gp,googl,bank info,163,money,credit card,phon,scarf,wallet,candy,121,vegetabl,sauc,desert,appetizer,ric,noodl,42.137
68.5.63.5,963,FALSE,A1P47Q6LZPLQ6P,0,,Energy drink,Dirty dish,vacuum cleaner,dirty laundry,fire extinguisher,clogged toilet,83,Chair,Milk,Vacuum Cleaner,Radio,Fire alarm,Fire extinguisher,37,Couch,Blanket,Space heater,Fireplac,Dining tabl,Bar stool,35,AC,fridg,Couch,Dining tabl,China cabinet,Bar stool,31,Mint,Gum,Hand sanitizer,Facemask,Nail clipper,Key,43,Pet food,Leash,Food bowl,Pet toy,Flea and tick medication,Litterbox,30,Recycling bin,Deep Freezer,Sidewalk salt,Storage rack,Kayak,Power washer,90,Scissor,Glitter,Glu,Sequin,Button,Tap,47,Tong,Ladl,Kniv,Spoon,Fork,Spatula,18,Wallet,Key,Pen,Gum,Coin,Nail clipper,26,Sweater,Pant,Short,T-shirt,Glov,Hat,21,Pot and pan,Plat,Bed,Oven,Microwav,Dishwasher,51,Gam,Photo,Web browser,Music,Twitch,Youtub,41,Granola bar,Water bottl,Mint,Gum,Wallet,phon,20,Tofu,Mushroom,Egg,Garlic,Sriracha,Edamam,74.901
72.78.76.5,1056,FALSE,A13DHPKBQXN9R7,0,?,food,soda,water,chair,blanket,desk,32,toaster,microwav,stov,fridg,chair,rug,26,stov,microwav,rug,heater,blanket,coat,28,AC,pillow,fridg,microwav,noodle boiler,hot plat,43,driver licens,social security card,key,gym card,busines card,chapstick,66,cag,sawdust,cedar shaving,pet food,bon,toy,35,tenni racket,basketball,golf club,old movi,washer,dryer,42,paper mach,crayon,marker,poster board,scrap book,highlighter,74,coffee maker,toaster,soda,fridg,counter,sink,44,key,chapstick,beeper,wallet,sanitizer,mask,42,tap,measuring tap,post it,paper clip,glu,pen,35,bed,dresser,book,sheet,blanket,pilow,49,calander,bank app,gam,amazon app,ebay app,babble app,53,wallet,key,gym card,driver licens,chapstick,credit card,52,ric,steamed vegetabl,lo mein,chow mein,egg roll,soup,75.101
75.191.12.165,1065,FALSE,A3RHJEMZ4EGY2U,1,,Work fil,Mug,Night stand,Lamp,Charger,Speaker,185,clock,tabl,chair,painting,area rug,calender,83,Bed,TV,Sofa,Blanket,Food,Dog,97,fishing rod,hunting rifl,loft,fridg,tabl,chair,100,medicin,chapstick,candy,tissu,soda,stamp,260,Pet food,Toy,Aquarium,Pet Shampoo,Pet Cloth,Bird cag,80,lawn mower,tool,storage container,Christma decoration,Excercise weight,deep freezer,143,glu,glitter,clay,paint brush,bead,string,107,Blender,Air fryer,Kniv,Dish soap,Cup,Plat,55,ID,money,receipt,condom,ciggarrett,credit card,87,Rubber band,tack,measuring tap,pen,birthday candl,paper clip,45,Pillow,microwav,desk,laptop,string light,laundry basket,66,Social media app,Contact for other girl,Pictur,Music,Video,Gam,49,hair gel,breath mint,library card,book,reward card,key,68,Ramen with Egg,Plain Ramen,Soda,Bottled water,Desert,X,56.226
71.245.60.221,970,FALSE,A1V2H0UF94ATWY,0,,overhead light,ceiling fan,window,door,countertop,sink,49,blanket,lamp,desk,computer,chair,bed,62,blanket,pillow,duvet,kettl,stov,heater,47,canned food,rifl,fishing rod,tackle box,mattres,rop,76,kleenex,makeup,key,pictur,chapstick,flashlight,53,dog food,cat food,dog collar,leash,bird feed,bird feeder,51,tool,shelv,ga can,lawn mower,box,old jar,57,clay,scissor,paper punch,wir,pan,paint thinner,65,kniv,silverwar,mug,tea kettl,lamp,sink,37,coin,kleenex,receipt,wallet,cigarett,key,72,spoon,cup,plat,pan,serving platter,canned good,39,desk,lamp,bed,chair,rug,computer,31,bank app,pictur,video,credit card number,gam,music,76,wallet,phon,key,chapstick,coin,receipt,33,tofu,broccoli,asparagu,cauliflower,spinach,tomato,66.183
23.25.209.1,1107,FALSE,A1GKD3NG1NNHRP,0,,lamp,tabl,vas,cup,pictur,chair,145,tea,potato,milk,aspirin,fruit,water,92,couch,chair,tabl,glas,lamp,curtain,24,couch,chair,lamp,tabl,vas,cup,27,key,mask,glov,sanitizer,tissu,watch,59,window,door,shelv,hook,packag,cash register,35,paint,rak,shovel,paintbrush,screwdriver,shelf,29,cup,glas,bowl,silverwar,plat,saucer,46,cup,saucer,bowl,plat,glas,toaster,45,key,money,credit card,wallet,pictur,pen,67,pen,pencil,eraser,paper,book,spoon,57,lamp,tabl,notepad,pen,pencil,pillow,33,mother,father,friend,cousin,work,dat,132,key,wallet,paper towel,money,credit card,book,142,fruit,lettuc,broccoli,tomato,spaghetti noodl,coffe,328.408
71.8.130.91,1044,FALSE,A39C210BKD7YNN,1,,computer,printer,file cabinet,towel,sheet,stov,55,milk,towel,sheet,shampoo,dog treat,bacon,34,space heater,sho,blanket,TV,Computer,Cleaning suppli,38,tabl,chair,couch,pillow,dish,broom,30,phon,key,addres book,busines card,candy,kleenex,47,fish,lizard,snak,mic,bug,peopl,67,tool,rollerskat,storage tub,oil,garden hos,rak,56,spray paint,camera,picture fram,glu,tap,thumb tack,36,silverwar,dish,pot and pan,fridg,tabl,microwav,32,key,busines card,lint,mask,gum,X,56,ink pen,tap,remote control,key,paper clip,silverwar,35,school book,alarm clock,poster,clothing,shampoo,hat,42,gam,facebook,app,calendar,new,calculator,40,wallet,key,phon,hand sanitzer,busines card,lint,48,pi,salad,mozzarella stick,tofu,vegetabl,ric,38.787
65.7.18.226,1091,FALSE,A2EHH2ZFIRF1BF,0,,heavy metal album,Red Bull,noise maker,strobe light,sound bar,Peletron,136,chamomile tea,warm milk,comfy chair,quilt,wind chim,cricket,104,stov,furnac,blanket,quilt,coat,mitten,68,book,puzzl,gam,gun,trophy,fishing rod,87,makeup,perfum,tissu,candi,spoon,cough syrup,120,rock,book,magazin,pet food,bedding,toy,180,box,barrel,tool,lumber,furnitur,TV,56,food,liqour,canned good,cereal,cleaning suppli,container,120,fridg,cabinet,pot,pan,utensil,dish,45,key,coin,receipt,rubberband,paperclip,marbl,119,pamphlet,map,busines card,pen,marker,paper,88,microwav,hotpad,laptop,desk,chair,bed,43,photo,gam,spam,calculator,calander,music,188,book,notepad,pen,pencil,medicin,tablet,64,tofu,pepper,onion,noodl,ric,soy sauc,112.537
172.58.27.198,1175,FALSE,A33XAJW8WGY3O9,0,,bik,bench,fridg,sho,tabl,carpet,713,blanket,hanger,carpet,chair,tv,radio,42,oven,sofa,cupboard,guitar,piano,smartphon,49,food,plat,tabl,chair,lightbulb,sho,41,smartphon,laptop,jacket,handkerchief,sunglas,lotion,52,tiger,parrrot,snak,goldfish,rock,pet cag,64,boat,guitar,wheel,spanner,crat,tir,91,book,camera,tap,smartphon,plat,cutlery,48,oven,stov,plat,cutlery,microwav,toaster,53,penni,not,phon,handkerchief,pictur,wallet,70,book,phon,pictur,guitar,vas,camera,40,cupboard,tabl,chair,radio,tv,dish rack,196,music,photograph,document,text messag,contact,application,66,smartphon,key,nail cutter,flashlight,laptop,mous,56,broccoli,pasta,potato,vegan burger,icecream,coffe,106.114
92.119.17.82,1235,FALSE,A3C5G8LGIAW0XL,13,,couch,cushion,tabl,magazin,book,photograph,47,chair,tabl,glas,curtain,carpet,nightstand,71,heater,couch,tabl,book,X,X,60,candl,ax,mason jar,newspaper,X,X,57,comb,brush,hand lotion,hand sanitizer,notebook,pen,52,cag,food,leash,cloth,X,X,44,bik,workbench,wrench,drill,tabl,chair,57,paper clip,nail,band aid,safety pin,glu,aceton,87,spoon,hammer,fork,cup,pot,kettl,35,wallet,gum,tissu,pen,ticket stub,button,74,rolling pin,spoon,thumb tack,ducttap,X,X,46,tabl,lamp,wastebasket,bookshelf,X,X,58,pictur,pornography,email,app,gam,X,45,brush,book,hair spray,cream,X,X,48,broccoli,green bean,eggplant,bok choi,tofu,corn,50.129
66.220.213.194,1234,FALSE,A1NFBKUYYVUYWF,0,,chair,coffe,juic,bread,banana,appl,58,Nyquil,win,juic,milk,cooki,bread,31,heater,stov,couch,chair,microwav,bed,85,chair,couch,tv,rug,microwav,fridg,71,pen,book,notebook,pencil,phon,comb,60,food,toy,collar,vitamin,medicin,bowl,25,raquet,mower,blower,weedeater,tir,tool,51,glu,glitter,scissor,yarn,ruler,bead,80,cannister,microwav,flour,sugar,fridg,coffe,59,key,mint,gum,knif,post-it,dental flos,63,stamp,pen,pencil,paper,stapler,paperclip,27,bed,bedspread,pillow,desk,chair,laptop,25,gam,map,fitbit,Mom,calendar,calculator,67,wallet,phon,notepad,pen,pencil,key,41,vegetabl,fruit,bread,noodl,shrimp,clam,34.234
64.107.228.130,1415,FALSE,A38K45F4I17TKB,0,,tabl,fridg,garbage can,toilet,tv,sink,25,tabl,fridg,toilet,tv,food,shower,54,couch,oven,tabl,bed,tv,chair,34,fridg,couch,sink,bathroom,clock,tabl,42,key,chapstick,pen,reciept,gum,phon,35,pet food,toy,pet cleaning suppli,treat,collar,pet carrier,49,tool,cleaning suppli,fridg,radio,box,ladder,56,paper,plat,snack,cup,lid,bowl,34,sink,fridg,soap,towel,cup,plat,34,wallet,phon,pen,money,chang,chapstick,31,pen,bag,rubber band,marker,batteri,tap,61,desk,dresser,bed,microwav,computer,phon,34,gam,family number,app,email,photo,social media,79,wallet,phon,key,chap stick,receipt,pen,280,water,pop,tea,lemonad,coffe,smoothi,265.827
174.20.12.228,971,FALSE,A55TVOL4JWIAY,0,,dog,cat,portrait,lamp,dream catcher,bottle of water,46,decaffeinated tea,water,egg,bacon,orange juic,bagel,64,Window that can be opened,Cold drink,A shower/bathtub,ice in the freezer,fan,cool food to eat,92,fridg,tabl,chair,bowl of fruit,painting,antler decoration,52,A pen,notepad,candy,mini flashlight,key,chapstick,43,Dog food,Cat food,pet bed,animal door gat,cag,toy,47,Hammer,nail,jump rop,old exercise equipment,box,family photo album in tot,72,crochet hook,yarn,thread,needl,pin,ruler,59,fridg,toaster,blender,coffee machin,knife block,pizza cutter,50,Their key,loose chang,wallet,candy,paper clip,small notepad,42,tap,ruler,variou pen,post it not,misaneou key,old receipt,46,A desk,A lamp,Poster,Textbook,pen,notebook,35,Boss phone number,Andy mother number,Other coworker phone number,Calculator app,calender,social media app,108,wallet,phon,key,chapstick,napkin,receipt,47,carrot,bean sprout,noodl,broccoli,egg,onion,89.651
75.132.176.211,1130,FALSE,A28O8I1SYFZO7A,0,,Lamp,fridg,Desk,Computer,Paper,Speaker,33,Bed,Dresser,Comb,Hat,Coat,Sho,25,Dresser,Desk,Tabl,Lamp,Sofa,TV,35,Book,Tabl,Chair,Lamp,Hat rack,Bookshelf,64,Phon,More bag,Toy,Cloth,Hat,Key,36,Food,Leash,Toy,Bon,Cag,Cleaner,37,Mower,Ga can,Weedeater,Glov,Tool,Flashlight,49,Glu,Scissor,Tap,Paperclip,Safety Pin,Yarn,30,Fridg,Dishwasher,Microwav,Kniv,Fork,Spoon,26,Money,Wallet,Knif,Gum,Phon,Trinket,27,Paper,Paper clip,Pen,Pencil,Pencil shapener,Eraser,36,Bed,Desk,Microwav,Computer,Speaker,Window,28,Number,Text messag,Photo,Video,Social media,Gam,32,More bag,Wallet,Key,Phon,Comb,Licens,31,Noodl,Broth,Vegetabl,Spring roll,Tofu,Salad,28.579
69.84.110.147,763,FALSE,A2WDF40FA670T9,0,?,Coffe,Monster Energy,Cok,Tax form,Bill,Mail in ballot,69,Magazin,Sho,Coffee Tabl,Toaster,Mirror,Faucet,88,Sho,Curtain,Banana,Carpet,tv,Router,48,Tabl,Chair,Bench,Venetian Blind,Silverwar,Dishwar,71,Key,Glas,Tissu,Lip balm,Mascara,Licens,72,Dog food,Animal Toy,Animal Carrier,Animal medication,Grooming,Treat,85,Car,Scooter,Golf Cart,bik,Tractor,Segway,54,Screw Driver,Wool,Needl,Pin,Fleec,Glu,65,Coffe,Sugar,Flour,Wooden Spoon,Cutting Board,Dish Soap,48,Key,Coin,Wallet,Gum,Cigarett,Licens,43,Phone Book,Nut Cracker,Napkin,Hot pad,Plastic bag,Aluminum foil,76,Laptop,Bed,Lamp,Chair,Microwav,Bulletin board,46,Farmvill,Map,Weather App,Clock,Notepad,Bejeweled,103,Key,Wallet,Phon,Lip glos,Razor,Tweezer,43,Cooki,Broccoli,Water Chestnut,Ric,Carrot,Tea,75.075
65.35.119.134,1491,FALSE,A1UBV2NP7OVDVV,0,,desk,microwav,fridg,stov,washer,dryer,62,tv,book,dvd player,computer,radio,clock,89,blanket,couch,bed,jacket,sweater,mitten,47,book,magazin,Coleman cooler,chair,broom,bookcas,179,mask,hand sanitizer,key,gum,breath mint,driver licens,68,leash,cat litter,pet food,food dish,litter box,chew toy,58,rak,lawn mower,snow blower,tool,garbage can,hedge clipper,55,glu,scissor,yarn,magic marker,eraser,chalk,85,coffee mug,microwav,coffee maker,plat,paper towel,blender,66,key,wallet,gum,hard candy,eye drop,money clip,81,spoon,kniv,fork,ladl,measuring cup,chopstick,54,textbook,backpack,calculator,pen,pencil,pizza box,90,gaming app,calendar,social media app,calculator,my contact information,e-mail,221,gum,money,candy,credit card,ID,key,33,salad,noodl,ric,bok choy,mushroom,beer,57.564
72.193.23.121,1147,FALSE,A110BZSDZN7E16,0,,fridg,tv,rug,cabinet,fish bowl,dvd player,66,cloth,food,tv,stereo,fish tank,entertainment center,62,bed,couch,fireplac,tabl,stov,entertainment center,102,bear rug,tabl,sink,couch,mounted animal on wall,chair,161,key,lip balm,snack,soda,ear bud,sunglas,145,pet food,aquarium,dog collar,pet medicin,dog bed,dog hou,142,tool,lawnmower,weed eater,wheel barrow,extension cord,ladder,84,construction paper,glu,scissor,ruler,glitter,fabric,334,pot,pan,dish,silverwar,stov,fridg,66,key,wallet,cash,debit card,chang,store receipt,89,paper,tool,cloth,jewelry,silverwar,flashlight,135,beer,tv,bed,cloth,pizza box,mp3 player,74,other number,app,email,text messag,pictur,video,75,key,glov,money,sunglas,snack food,lip balm,90,soup,soda,payment form accepted,dessert,coffe,side order,137.134
76.107.34.15,1515,FALSE,A337Y4X67PY4QI,0,,exercise bik,dirty dish,lamp,tabl,rug,chair,105,water,milk,juic,bread,win,beer,42,furnac,firewood,couch,chair,tabl,tea kettl,32,tabl,chair,dish,spoon,fork,fan,36,scarf,glov,sweather,sock,pant,shirt,99,fish,dogfood,catfood,dog toy,dog treat,leash,45,spare tir,tire jack,hammer,screw driver,wrench,basketball,72,yarn,needl,thread,glu,construction paper,scissor,72,can opener,instant thermometer,bottle opener,spatula,tea strainer,gum,45,coin,wallet,key,whistl,mace spray,busines card,46,comb,loose chang,nail fil,hand mirror,batteri,phone charger,64,bed,desk,desklamp,chair,dresser,mirror,46,game app,calendar,email app,map,weather app,uber,50,wallet,key,sun glas,glov,hat,sweater,53,veggie tempura,tofu ramen,veggie ramen,edamame bean,seafood ramen,miso soup,82.438
108.176.236.31,1713,FALSE,A1OWHPMKE7YAGL,9,,children playing,screaming baby,nagging wif,X,X,X,52,nyquil,sleeping pill,pillow,blanket,noise machin,X,35,fan,thermostat,ic,water,powerad,gatorad,112,tank top,fan,flip flop,tenni sho,ic,plat,36,key,hand sanitizer,mask,penni,lotion,mac,49,dog food,catnip,cat toy,pine shaving,leash,collar,32,tot,garbage bag,surf board,pressure washer,hammer,screwdriver,75,pipe cleaner,magnet,scissor,craft stick,pom pom,glue gun,129,banana,paper towel,coffe,tabl,sugar,flour,94,wallet,coin,dollar bill,comb,driver licens,X,59,tap,clothespin,paperwork,spoon,thermometer,X,81,microwav,sink,bed,blanket,desk,pillow,31,gam,email,banking app,social media app,X,X,136,key,wallet,dollar bill,hand sanitizer,coin,X,91,fruit,vegetabl,pasta,bread,chees,win,57.078
107.126.126.37,912,FALSE,A3B2YRXL26RPVH,4,,lamp,tv,tabl,chair,key,mail,88,bed,sofa,chair,window,kitchen,living room,53,window,chair,sofa,wall,floor,ceiling,91,bed,sofa,chair,stov,oven,door,70,glas,medication,notepad,pen,grocery list,store receipt,123,leash,pet food,toy,bed,pet medicin,fish tank,70,lawn mower,folding chair,tool,hot water heater,electricity panel,garage door opener,89,eraser,wash cloth,spong,apron,X,X,147,stov,oven,microwave oven,sink,plat,glas,72,tissu,eyeglas,money,credit card,X,X,75,pen,flathead screwdriver,match,looseleaf paper,computer charger,phone charger,210,bed,chair,desk,window,wall,floor,44,weather app,new app,calendar,note-taking app,time app,notification,81,grocery list,money,wallet,eyeglas,medication,pen,36,vegetabl,soup,cooki,shrimp,ric,fish,73.106
107.13.250.237,488,FALSE,A2ML4TEAJTDQD0,0,?,chair,tabl,cupboard,cabinet,ceiling fan,fireplac,44,fridg,tabl,chair,glas,orange juic,milk,36,fan,fridg,tabl,window,curtain,couch,31,couch,chair,tabl,island,sink,shower,57,gum,key,pocket knif,towel,makeup,id,75,food,suppli,bird,fish,aquarium,cag,37,trailer,pip,concret,lawnmower,box,tool,59,paint,brush,crayon,cup,ink,canva,54,cupboard,stov,tabl,chair,sink,dish,63,key,gum,wallet,lint,credit card,knif,45,pen,paper,bill,fork,key,lighter,64,chair,desk,bed,dresser,tabl,pillow,33,gam,map,family,weather,gp,recorder,78,handkerchief,towel,soda,lunch,paper,key,40,chicken,pork,egg,soup,salad,dessert,34.262
98.194.245.59,1589,TRUE,A25R2OI9L2Q1OW,3,,popcorn,tea,soup,pillow,couch,pizza,145,coffe,soda,pop,coke ( Coca Cola ),egg,bacon,54,fan,ac,wet towel,shower,X,X,104,jacket,coat,blanket,heater,comforter,parka,33,money,debit card,credit card,cash,coin,bread ( slang for money not literal bread ),63,puppi,kitten,cat,dog,lizard,ball python,39,bik,car,van,pickup,truck,motorcycl,55,pencil,paper,canva,paint,marker,pen,44,match,light,lighter,Zippo,fir,one ( a in Sure I have one ),117,flashlight,light,lamp,lighter,match,flam,36,scissor,clipper,trimmer,sheer,knif,cutter,39,magnet,fram,clip,tap,glu,X,54,their number,their email,Their Facebook,their Twitter handl,their phone number,way to get in touch with them,78,mask,face covering,bandanna,covering,one you can us,one you can borrow,74,crab,pork,steak,chicken,quail,duck,33.624
64.121.136.37,850,TRUE,AXAO7UJYYEFCO,0,,candl,pillow,Video game,weed,beer,movie,59,5 hour energy,no doze you can tak,fresh pot of coffe,few redbull you can chug,caffeine pills,lot of soda to pick from,72,heater turned up,fire roaring,no open windows,stuck thermostat,iced tea to cool you off,reason youre still wearing your coat,132,firewood around her,thermostat to turn up,pile of blanket to us,snow suit you can put on,electric heater you can us,glov to put on,77,money on m,enough to cover it,twenty on m,my wallet with m,extra money,thi roll of quarters,57,cat,hamster,guinea pig,lizard,fish,ferret,28,bik we can rid,wagon I can pull you in,two car to pick from,rollerskat to wear,few skateboard we can us,new motorcycl we can tak,66,lot of colored pencils,paint,marker galor,material you can us,pastel in many colors,charcoal pencils,56,one of those long ones,box of match in her,few in the kitchen,ga stove you can us,extra one in her,spare around some wher,69,flashlight,emergency crank light,my phone light,light on my keychain,thi glowing orb,lighter we can us,88,scissor her,knife to cut it off,nail clipper to snip it off,sharp blad,lighter we can burn it off,something that should work in her,106,magnet around her,tap,sticky tac,frame to put it in,fridge that i bar,glue that might work,70,her phon,her email,her address,her on speeddial,few number for her,her home phone number,65,spare in her,few disposabl with m,handkerchief you can us,thi bandana you can tie around,extra unused on,several in here you can pick from,59,chicken,shrimp,beef,seafood medley,pork,meat substitut like tofu,59.317
74.250.148.79,1939,TRUE,A3P7AXWF57BHNX,0,,book,music,win,beer,whiskey,bath,104,coffe,espresso,energy drink,soda,ice water,chocolat,28,ic,ice cream,cold water,pool,cool towel,cool shower,21,sweater,blanket,sweatshirt,throw,heating blanket,sweatpant,22,dollar,hundred,ten,fifty,debit card,credit card,23,dog,cat,gerbil,bird,fish,turtl,23,car,bik,scooter,skateboard,roller skat,motorcycl,62,paper,pencil,paint,colored pencil,paint brush,crayon,17,match,lighter,flint,rock,stick,car lighter,42,telescop,magnifying glas,glas,binocular,sunglas,light,79,scissor,knif,nail clipper,tweezer,teeth,my hand,56,magnet,tap,glu,clip,hot glu,tack,30,her phone number,her email,her addres,her twitter nam,her instagram nam,her Facebook account info,47,cloth on,surgical on,n95,bandana,black on,blue on,44,chicken,pork,beef,lamb,veal,bison,14.671
174.84.103.96,949,TRUE,AEF74ZYJTTEIA,0,,chocolat,tv,comedy,music,gam,pillow,27,caffein,bed to nap in,soda,coffe,something to wake you up,music to enliven you,27,fan,window to open,AC,shower to cool off,ice water,cool breeze her,20,fireplac,blanket,heater,jacuzzi,stov,spa,26,money,card,gift card,debit card,check,credit card,15,dog,dog,cat,cat,fish,bird,12,bik,rid,car,scooter,motorcycl,wagon,24,paper,paint,paintbrush,tim,chair to sit on,good lighting,20,candl,matchbox,flam,starter,on,something,23,light,flashlight,phon,idea,glas,extra hand,19,scissor,knif,clipper,strong hand,idea,sharp edg,20,magnet,fridg,spac,tap,idea,fram,30,her number,her email,her contact,her card,her phone number,her social media contact,19,extra,one for you,spar,bandanna,cloth,one extra,20,beef,chicken,shrimp,fish,pork,meat,17.224
98.117.29.151,712,TRUE,A2WPKP73S4MBLK,0,,TV,books,newspaper,magazin,pillow,chair,48,comfortable sofa,numerou pillow,nice lounge chair,coffe,breakfast item I can mak,energy bar,113,fan,ac,window that can be opened,ic,cold water,breeze if we open the window,127,jacket,blanket,fireplac,candl,heater,glov,372,money,cash,credit card,debit card,som,my wallet,49,dog,cat,fish,bird,hamster,turtl,22,bik,car we can tak,roller blad,skateboard,motorcycl,taxi we can call,59,charcoal pencil,drawing pencil,paintbrush and paint,several sketch pad,easel,graphit,116,light,lighter,on,match,candl,flam,98,flashlight,light on my phon,lighter,match,key of my own,camera that flash when taking pictur,199,knif,scissor,pocket knif,long nail,plier,razor,619,space left,lot of room,pictur I can move around,idea of where to put it,alway liked that photo,more than enough room,73,their number,their contact information,Morgan number,number Ive been using,my phone book,my call directory,45,on,several,extra mask,one that you can us,plenty of mask,more than I need,590,beef,chicken,steak,turkey,sausag,salmon,69.527
73.189.147.24,1337,TRUE,A2BK45LZGGWPLX,3,,music,video game,tv,Netflix,movie,pillow,105,fresh coffe,soda,tea,cok,caffeine pill,iced coffe,85,cold beer in the fridg,ac,window open it,cold water,ice in the fridg,fan,83,blanket over ther,fireplac,thermostat,heater,no heat on,jacket,61,credit card,cash,your wallet in her,my wallet,extra that you can shar,food for you,64,puppi,kitten,gerbil,hamster,mic,guinea pig,45,car,bik,motorcycl,Ford,Subaru,jeep,57,drawing pencil,crayon,charcoal pencil,watercolor,pastel,acrylic,48,match,lighter,match and a lighter,ga burner,candle burning,match and thi lighter,78,flashlight,my phon,match,lighter,glov,mitten,58,scissor,knif,scissor and a knif,blad,X,X,55,spac,fridge magnet,room on the fridg,nothing on my fridg,other on ther,place for it,77,their number,their contact detail,their email addres,text from them,friend that know them,their friend phone number,87,spare mask,your mask,bandanna,scarf,lot of mask,X,61,chicken,beef,pork,chicken or pork,beef pork or chicken,pork or beef,136.973
172.58.155.19,920,TRUE,A1N16ZU0FNQEY6,0,,bath bomb,headphones,netflix ,wine,beer,weed,42,coffe,5 hour energy,caffeine pill,mountain dew,bottled Starbuck drink,caffeinated tea,55,lemonade in the fridg,ice pack in the freezer,otter pop,ice cream,fan,AC in the living room,43,wool blanket,extra coat,fireplac,handwarmer in my bag,electric blanket in the trunk,hot chocolate mix in the kitchen,39,20,extra cash,enough to help you out,new credit card,gift card,you covered,62,fish,hamster,parakeet,kitten,bunni,puppi,14,scooter,hoverboard,bik,roller blad,car,truck,32,drawing pad,charcoal,lot of drawing pencil,easel,blank canva,sketch pad,43,match,lighter,spar,extra right her,igniter,one you can hav,87,flashlight,light on my phon,keychain light,mini flashlight,ipod that can get pretty bright,emergency flashlight,86,scissor,knif,nail clipper,seam ripper,something sharp,embroidery snip,30,magnet,room for that on the fridg,more like thi on,box of magnet in my desk,room for one of you too,to rearrange the fridge anyway,75,her number,her email,her Skype contact,been texting her occasionally,her addres,her work extension,44,extra her,spare cloth on,old one that you can us,dirty one if you really want it,whole pack of new on,thi old one with dinosaur on it,41,pork,chicken,tilapia,beef strip,ground beef,shrimp,29.747
12.205.151.216,2162,TRUE,AHPOOKYE7V04D,2,,couch ,movie,music,time,O,O,39,coffe,coffee brewing,coffee ready,caffeine pill,tea,espresso,24,ice machine in the basement,fan her,ac in the den,ac in the bedroom,cool drink in the fridg,ice in the freezer,40,blanket,comforter,space heater,thermostat for the furnac,quilt,extra sweater,31,enough money,money,money you can us,money you can borrow,enough for you to us,credit card,28,dog,puppi,cat,kitten,guinea pig,parrot,15,bik,scooter,bik,car,my mom car,my dad motorcycl,36,pencil,colored pencil,pen,crayon,pastel chalk,fine tip marker,30,lighter,match,match,cigarette lighter,mine one m,one you can us,31,flashlight,penlight,flashlight keychain,pocket light,flashlight on my phon,my phone handy,28,scissor,clipper,scissor,pair of scissor,X,X,18,room,room on the fridg,enough spac,extra I can put ther,copy for the fridg,magnet I can use to put it on ther,52,her number,number for her,her email,her contact info,her email addres,her phone number,39,extra,extra you can us,spar,mask,extra mak,one you can us,18,pork,chicken,beef,roast pork,pork cutlet,beef shin,26.838
172.220.244.5,1722,TRUE,A11Q8U6QTT8KGF,13,,board game,video game,movie,TV,book,win,37,coffe,tea,redbull,chocolat,pop,X,78,ic,beer,pool,fan,X,X,70,blanket,my sweater,hot tea,fireplac,X,X,42,cash,card,chang,down payment,gift card,store credit,55,dog,cat,bird,lizard,snak,hamster,29,bik,skateboard,scooter,motorcycl,car,truck,32,crayon,pencil,pen,acrylic,oil paint,paper,31,match,ga burner,candl,lighter,X,X,51,flashlight,match,phon,penlight,candl,torch,63,scissor,razor,knif,thread puller,X,X,37,tap,magnet,fram,sticky tack,X,X,60,email,phon,,addres,snapchat,facebook,32,mask,hankerchief,bandana,scarf,X,X,119,chicken,beef,pork,pork belly,tofu,fish,50.463
73.236.40.189,905,TRUE,A1L92Y6VBTRFP5,0,,candle,music,lighting,bath,incens,beer,20,coffe,5 hour energy,red bull,candy,chocolat,snicker,22,ic,water,ice cream,soda,lemonad,cool towel,22,coat,slipper,glov,scarf,toboggan,head wrap,19,money,bill,coin,credit card,store card,car,26,cat,dog,rabbit,parrot,hamster,mous,20,car,bik,uber,lyft,tricycl,smart car,18,pencil,paper,crayon,marker,lipstick,charcoal,20,match,lighter,stov,propane torch,candl,kerosene heater,28,flashlight,lighter,phon,extra key,pocket watch,glow stick,41,scissor,knif,nail clipper,strong hand,fingernail,clipper,32,magnet,glu,sticker,tap,gum,tap,29,notepad,my phon,my watch,pen,paper,chalk,22,napkin,mask,neck gator,paper filter,bandana,hair ti,37,beef,pork,lamb,fish,trout,salmon,18.36
107.13.11.206,1959,TRUE,A21RH6S7M78KIZ,4,,loud music,quiet music,book on how to calm yourself,beer,whiskey,vodka,34,medium roast coffe,dark roast coffe,tea,energy drink,soda,X,48,window AC,cold water in the fridg,central AC,lake outsid,cold shower,X,40,ga heater,electric heater,wood stov,pellet stov,teapot,coffee pot,40,credit card,debit card,checkbook,wad of cash,discount coupon,X,57,hamster,guinea pig,mic,puppi,kitten,fish,27,bik,scooter,skateboard,motorcycl,pickup truck,car,42,watercolor,pencil,pen,oil based paint,easel,construction paper,37,zippo,bic lighter,butane lighter,bbq lighter,match,X,34,lighter,flashlight,phone with a flashlight,match,glow stick,magnet,53,kniv,scissor,shear,toenail clipper,brute strength,strong boyfriend,38,scotch tap,magnet,glu,duct tap,packing tap,masking tap,32,her brother number,her mom addres,Morgan email addres,Morgan fax number,Morgan work number,Morgan phone number,52,green mask,blue mask,pink mask,yellow mask,bandana,gaiter,28,lamb,beef,pork,chicken breast,chicken thigh,cow tongu,42.042
72.68.192.46,1286,TRUE,A2AT5B7RW4VXBX,35,,weed,booz,movi,blanket and pillow,X,X,36,coffe,energy drink,X,X,X,X,22,problem,thermostat,lak,pool,pond,X,35,thermostat,blanket,dresser with sock,closet with sweater,X,X,56,enough money,my debit card,my credit card,your wallet,X,X,41,puppi,kitten,fish,gerbil,hamster,lizard,22,bu,uber,taxi,friend to pick u up,X,X,36,enough suppli,color,pencil,paint,crayon,X,26,min,match,X,X,X,X,21,my phon,lighter,flashlight,X,X,X,25,scissor,knif,nail clipper,X,X,X,24,magnent,tap,sticky tak,X,X,X,34,her email,her phone number,her work addres,her fax number,X,X,64,another,cash to buy you on,back up,X,X,X,24,beef,chicken,seafood,X,X,X,29.97
72.77.81.140,1574,TRUE,ACQKEA3LXG5CT,0,,music,movi,video gam,board gam,book,blanket,41,coffe,espresso,tea,Cola,no doz,orange soda,54,caling fan,table fan,box fan,window ac unit,cold drink,window to open,49,fireplac,woodstov,blanket,sweater,hot chocolat,coffe,39,cash,chang,check,credit card,debt card,gift card,26,cat,dog,bird,hamster,reptil,rat,27,car,bik,scooter,skateboard,rollerskat,atv,62,Paper,charcoal,colored pencil,marker,crayon,china marker,48,box of match,lighter,flint and steel,magnifing glas,battery and a gum wrapper,matchbook,135,flashlight,lighter,phon,lightup watch fac,fitnes tracker with a screen that ligth up,match,92,scissor,box knif,pocket knif,nail clipper,muli-tool,key,68,scotch tap,magnet,wall tack,gum,double stick tap,glue stick,72,e-mail,busines phon,phon,home phon,linked-in,facebook,30,buff,headband,bra,extra shirt,bandana,leg warmer,96,beek,chicken,pork,shrimp,fish,beyond meat,67.807
173.53.111.97,2532,TRUE,A3FISMGJDSCT10,0,,music,lavender,tea,coffe,pillow,blanket,43,coffe,vitamin,tea,cola,juic,caffein,51,fan,ac,window,no a/c,fan,ic,76,ic,snow,no heat,frost,chill,icicl,75,cash,money,credit card,dollar,chang,hundred,50,bird,hamster,gerbil,cat,dog,lizard,33,bik,skat,skateboard,truck,car,motorcycl,55,pen,pencil,charcoal,crayon,marker,ink,42,match,lighter,many,on,something,som,57,glas,flashlight,lighter,magnifying glas,light,tim,87,scissor,clipper,snip,razor,kniv,hand,88,on,room,spac,tim,tap,magnet,49,their number,contact info,her number,number,it,contact,133,on,bandana,something,several,plenty,mask,49,beef,steak,crab,shrimp,chicken,pork,38.523
136.32.86.98,1218,TRUE,A2REV0HI2NA1RR,10,,win,beer,soda,netflix,music,food,38,coffe,tea,energy drink,hot choclat,instant coffe,latt,72,AC,fan,celing fan,pool,ic,bath tub,40,fire plac,blanket,heater,wood,jacket,X,40,my card,extra,enough,cash,debit card,check,39,fish,snak,bird,cat,dog,hamster,27,my car,my truck,my suv,my van,my motorcycl,my tesla,44,pencil,pen,crayon,marker,chalk,oil pastel,40,match,lighter,zippo,candl,X,X,111,my phon,flashlight,lighter,match,X,X,45,scissor,clipper,knif,seam ripper,X,X,104,magent,tap,clip,tac,glu,X,50,her number,her email,work email,work phon,X,X,49,disposabl,reusabl,scarf,banada,extra,t shirt,108,beef,chicken,pork,lamb,shrimp,fish,29.832
70.140.24.236,1022,TRUE,A2MS1GQLGAX9FZ,0,,face mask,massager ,O,jacuzzi,scalp massager,music,101,bed,coffe,coca cola,tea,cigarett,shower,41,AC,table fan,ceiling fan,ice cub,cold drink,cold water,92,blanket,sweater,fireplac,jacket,comforter,mitten,37,my credit card,cash,check,my debit card,Apple pay on my phon,CashApp,30,cat,dog,hamster,rabbit,bird,guinea pig,25,car,van,motorcycl,two bik,tesla,honda,35,canva,colored pencil,paint,paintbrush,crayon,marker,38,propane torch,flint and steel,match,tinder,rock,ga stov,162,flashlight,compact light,my phone flashlight,lighter,match,LED light,88,scissor,knif,razor blad,cutter,plier,box cutter,109,magnet,tap,sticker,room,removable hook,suction cup,150,their number,their email addres,their snapchat,their work number,their phone number,their facebook,56,bandana,extra mask,disposable mask,spare mask,brand new mask,unused mask,42,beef,chicken,goat,lamb,fish,squid,41.288
24.188.118.193,757,TRUE,A14OQ52EFQAN2W,0,,video gam,chip,candy,weed,record,Netflix,42,coffe,caffeine pill,tea,energy drink,latt,espresso shot,190,fan,cooling pad,AC,cool towel,breeze; Ill open a window,thermostat,222,jacket,coat,fireplac,thermostat,heater,wood stov,19,money,cash,credit card,debit card,dough,it covered,99,dog,cat,snak,fish,ferret,hamster,19,car,rid,motorcycl,scooter,van,SUV,26,paint,art suppli,canva,acrylic,marker,sketchbook,57,lighter,match,candle lighter,Zippo,Bic,something,50,flashlight,pen light,my phon,magnetic grabber,laser pointer,flashlight on my phon,69,scissor,shear,knif,pocket knif,nail clipper,kitchen shear,258,magnet,tap,glu,clothestpin,double-sided tap,chip clip,31,their number,their Facebook,their Snapchat,their Twitter,their LinkedIn,their contact info,36,extra,mask,handkerchief,bandanna,napkin,mor,32,pork,ham,chicken,beef,shrimp,salmon,138.878
75.166.126.11,1585,TRUE,A38DHLB88V8DL8,5,,beer,video gam,movi,book,tea,coffe,49,coffe,shower,energy drink,food,soda,water,108,shower,cool towel,water,beer,fan,popsicl,50,blanket,coat,fireplac,hot bath,hot coffe,hot chocolat,41,money,chang,my phon,my credit card,my debit card,my checkbook,37,dog,cat,hamster,bird,fish,rabbit,46,car,bik,motorcycl,Uber,taxi,scooter,47,paper,pencil,marker,pen,crayon,paint,28,lighter,match,candl,burner,torch,X,126,flashlight,glow stick,my phone light,lighter,match,X,85,scissor,clipper,knif,box cutter,teeth,X,63,tap,magnet,glu,command strip,X,X,93,her email,her phone number,her addres,her facebook account,her twitter account,her instagram account,80,mask,handkerchief,scarf,bandana,towel,shirt,120,chicken,beef,shrimp,pork,lamb,fish,46.327
108.200.221.90,1333,TRUE,A3EKWPKR0OX8P8,0,,wine,beer,massager,wine cooler,weed,lady friend,55,red bull,coffe,espresso,energy drink,5hour enegry,monster,126,ice cream,popsical,ice cold beer,ac,cold shower,cold water,59,stov,fire wood,blanket,fur coat,glov,heater,66,cash,credit,enough to cover,apple pay,gift card,no problem to pay,90,cat,dog,fish,bird,lizard,hamster,59,bik,scooter,skat,skate board,unicycl,moped,48,canvas,marker,pencil,easal,paint,tim,76,match,torch,lighter,no lighter sorry,found on,not seen a lighter,103,flash light,lighter,my phone with flash,led keychain,magnet,spar,116,knif,scissor,swis knif,box cutter,nail clipper,cutical cutter,77,spac,magnet to hang it,time to do it,fram,fridg,more to hang also,140,her phone number,her contact info,only her work number,her number but not on m,her on instagram,her on facebook,124,extra on,money to buy on,spare on,back up,time to go back,one in the car,104,beef,steak,chicken,goat,shrimp,bacon,37.127
108.41.51.195,3245,TRUE,ALXW2ZXX4SJRO,0,,tea,music,low lighting,massager,fireplace,weed,74,coffe,tea,energy drink,cold shower,sugary cereal,juic,94,water,beer,iced tea,cold shower,ac,fan,63,kerosene heater,fireplac,blanket,hot cocoa,furnac,heat lamp,77,credit card,debit card,check,cash,chang,gift card,49,cat,dog,fish,turtl,reptil,guinea pig,30,car,van,truck,motorcycl,moped,bik,34,pencil,pen,sketch pad,crayon,pastel,paint,33,lighter,match,candl,incense stick,oil lamp,ga stov,73,flashlight,match,candl,another set of key,eyeglas,magnifying glas,136,scissor,knif,tweezer,finger nail,teeth,lighter,45,scotch tap,magnet,glu,chewing gum,masking tap,electrical tap,117,email addres,phone number,addres,Instagram info,Twitter addres,LinkedIn profil,74,extra mask,scarf,bandana,t-shirt,cloth,towel,106,chicken,beef,pork,veal,lamb,venison,33.037
107.221.88.62,712,TRUE,AUAN582MLI96N,23,,beer,win,jack daniel,whiskey,weed,tea,27,coffe,tea,bang,pre-workout,monster,red bull,53,fan,AC,X,X,X,X,44,blanket,warmer,jacket,heater,fire-wood,glov,34,cash,money,credit card,X,X,X,29,dog,cat,bird,iguana,gerbil,hamster,28,rid,car,tim,bik,skateboard,sho,35,paint,marker,pencil,pen,paper,book,25,on,match,lighter,X,X,X,20,light,flashlight,lighter,match,X,X,22,scissor,knif,razer,clipper,plyer,blad,27,mor,magnet,tap,sticky,X,X,33,hi number,X,X,X,X,X,20,on,mask,X,X,X,X,25,chicken,shrimp,scallop,beef,lamb,pork,35.767
98.144.149.220,1677,TRUE,A1F5E941TP0UIZ,2,,win,candl,bath tub,music,yummy food,movie,82,coffe,caffeine pill,energy drink,idea,help for you,place for a nap,127,cold beer,water,pool,AC,fan,sprinkler,54,fireplac,blanket,sweater,heater,hot tub,stov,60,money,credit card,gift card,store credit,your wallet,checkbook,62,cat,kitten,dog,puppi,hamster,fish,35,car,bik,uber app,skateboard,atv,tractor,88,pencil,sketch book,chalk,marker,pen,crayon,47,extra lighter,match,candl,stov,fireplac,X,80,flashlight,my phon,magnet,another key,idea,hand,106,scissor,knif,razor blad,lighter,my hand,teeth,89,magnet,tap,poster putty,gum,clip,perfect spot,63,her number,her e-mail,her addres,her contact info,her facebook,her info,92,extra on,scarf,bandana,towel,napkin,for fabric,99,chicken,pork,beef,shrimp,duck,X,59.476
207.244.71.82,2028,TRUE,A2WC2NO555XU3J,8,,candle,game,tv,food,drink,tea,27,coffe,tea,energy drink,soda,caffeine pill,stimulant,36,ic,cold drink,ice cream,ice pack,cold drink,shower,30,fir,heating,blanket,warm drink,hot cocoa,jacket,22,cash,my wallet,money,credit card,debit card,gift card,18,dog,cat,fish,bird,bunni,hamster,13,bik,scooter,motorcycl,roller blad,car,X,46,paint,pencil,crayon,marker,pen,sharpi,24,lighter,match,candl,torch,X,X,29,flashlight,my phon,lighter,keychain light,X,X,36,scissor,nail clipper,knif,shear,nail fil,X,43,magnet,tap,more photo,fridge clip,X,X,19,her number,her facebook,her whatapp,her instagram,her twitter,her linkedin,24,extra,mask,bandana,scarf,neck gaiter,spar,19,beef,chicken,pork,turkey,sausag,bacon,26.525
66.108.192.193,1043,TRUE,A3MYPYBVHX7FQ2,7,,book,tv ,game,wine,pill,candle,59,coffe,caffeine pill,aphetamin,wake up drug,X,X,93,ic,t-shirt,short,bathing suit,AC,fan,57,fireplac,blanket,shawl,space heater,sweater,coat,42,cash,my wallet,credit card,my debit card,enough for both of u,money I can loan you,69,dog,puppi,cat,kitten,bird,reptil,24,car,truck,motorcycl,bik,scooter,moped,36,chalk,crayon,pencil,water color,pastel,marker,38,match,extra lighter,campfire lighter,candl,zippo,bic,62,binocular,glas,flashlight,phone to call an ambulanc,X,X,54,scissor,knif,razor,tag remover,plyer,X,40,plac I can put it,good place on the fridg,room on the fridg,few plac in mind for it,space on the side of the fridg,good spot for it,106,her number,her facebook,her snapchat,her twitter,her email,her instagram,45,extra mask,scarf,enough to buy on,bandana,X,X,46,chicken,beef,pork,shrimp,scallion,fish,33.146
96.33.153.183,928,TRUE,APRZ7BR8C0ZMQ,0,,music,weed,O,beer,whiskey,headphon with nice music,96,Some Red Bull,Some Coffe,Some tea,Some Mountain Dew extra Caffin,Espresso,Some healthy shak her,74,A box fan,rotary fan,hand fan,portable AC,thermostat Ill turn on the AC,Some lemonad,74,extra jacket,heavy sweater,blanket,quilt,thermostat ther,logs let light a fir,43,my debit,credit card her,money I borrowed from you earlier,cash,My Paypal info,My checkbook,53,puppi,dog,cat,ferret,fish,parrot,33,skateboard her,my bik let rid,car keys let driv,my scooter,roller blad,my motorcycl,169,paper,crayon,water color,blank canva,oil paint,spare house paint,40,match,bic,A zippo,lighter,A lit cigarette use that,candl,69,my flashlight,match Ill light it,my light app on my phon,spare key you loaned m,mini light on my key chain,my mini go pro camera it ha a light,127,knif,scissor,my toe nail clipper,wire cutter,sharp letter opener,sharp pruning shear,72,Another one here with a funny face on it,magnet right here to put it up with,tape to stick it up with,glue stick to stick it up with,elmer glue to stick it on with,Some Duct tape let use that,102,Her e mail,her phone number,busines card of her,her facebook link,instagram contact,her Twitter info,72,extra mask,scarf you can us,new gaiter,bandana you can us,old mask,remnant of cloth you can us,69,shrimp,beef,korean BBQ,Pork,lamb,chicken,42.121
73.175.223.12,1235,TRUE,A2FP41BSPG0Y4A,7,,couch,drinks,tv,bar,pizza,swimming pool,94,coffe,tea,X,X,X,X,38,cold drink,cold water,swimming pool,bathtub,cold juic,air condition,82,i a blanket,camp fir,hot tea,jacuzzi,i some hot soup,ciggeret,155,my wallet,my credit card,my digital wallet,my credit card,cash,gift card,88,dog,cat,hamster,rabbit,guinea pig,parrot,92,bibycl,bik,car,truck,hors,van,48,wood panel,paintbrush,Pencil,Paper,Canva,Colored and pastel pencil,304,match,Digital lighter,Zippo Chrome Lighter,Djeep Lighter,Vector Thundra Desktop Lighter,Wenger Asterion 650602,280,touchlight,my fone light,lighter,X,X,X,86,knif,scissor,nail cutter,pen knif,razor,pocket kif,64,deep freezer,double door fridg,ic,Side-by-Side fridg,Counter-Depth fridg,Top Freezer fridg,107,her contact,her Facebook pag,her Instagram handl,her skype No,her WhatsApp No,her twitter handl,95,Surgical mask,Clear mask,face shield,face protector,handkerchief,cloth,216,beef,pork,stak,chicken,turkey,ham,161.201
70.172.10.126,1084,TRUE,A2DLYBXZNSSJ4S,28,,movie,music,Massager,video,X,X,69,beer,hot soup,loud music album,Airpod,X,X,63,Water,Beer,Win,Ice pack,X,X,59,Sweater,Jacket,thermal,Hoodi,X,X,48,money,gift card,debit card,Credit card,X,X,105,Puppy,Cat,dog,pig,X,X,89,Cycl,bik,Car,electric bik,X,X,63,Paper,Stand,brush,color,Water,clip,38,lighter,matchbox,Stove lighter,Fire helper,X,X,44,Extra key,tool,Can break,Can go in trough back door,X,X,156,Cutter,scissior,knif,hand cutter,X,X,89,place to keep,i will keep,love toward the photo,I will do it,X,X,78,Hi contact,face tim,skype id,whatsapp number,X,X,82,extra mask,handkey,napkin,piece of cloth,X,X,51,Meat ball,Chicken wing,Chicken fri,Chicken chop,X,X,66.416
73.36.223.250,1259,TRUE,A1ADAWW4IHPCQ7,3,,tea,win,beer,whiskey,alcohol,weed,41,coffe,caffeine pill,soda,sugar,energy bar,cold water,311,ice cream,AC,inflatable pool,cold water,lemonaid,fan,211,fireplac,wood stov,furnac,blanket,extra coat,firewood,23,cash,credit card,my wallet,money,check,debit card,20,puppi,cat,gerbel,bird,guinea pig,fish,33,bik,car,motorcycl,roller skat,skateboard,van,197,pencil,paint,suppli,conte crayon,watercolor,ink and paper,53,match,lighter,light,zippo,bic,lit cigarett,47,flashlight,lighter,match,light from my phone screen,extra set of key,glow stick,39,scissor,knif,nail clipper,snip,blad,seam ripper,46,room,magnet,one for you too,just the spot,such fond memori,X,189,their phone number,their email addres,spoken to them yesterday,their contact information,X,X,41,extra mask,face wrap,plastic shield,scarf,respirator,gaiter,36,chicken,steak,shrimp,fish,turkey,hamburger,18.297
47.135.1.239,775,TRUE,A12X8RUSITV7RU,16,,Netflix,video gam,movi,music,snack,drink,193,coffe,Red Bull,tea,5 Hr Energy,Monster,soda,142,fan,ac,water,window,X,X,184,blanket,fireplac,fire pit,sweater,coat,X,96,money,my card,my wallet,min,cash,X,88,parakeet,hamster,ferret,guinea pig,fish,rabbit,142,car,scooter,skateboard,bik,motorcycl,X,57,pencil,paper,charcoal,colored pencil,crayon,pen,132,on,lighter,match,light,X,X,200,my phon,flashlight,lighter,match,X,X,71,scissor,kniv,clipper,shear,X,X,232,room,spac,magnet,tap,X,X,245,her number,her email,her on Facebook,her LinkedIn profil,X,X,226,extra,plenty,two,ton,on,spar,173,pork,beef,fish,shrimp,chicken,X,237.105
172.83.67.93,1273,TRUE,A1GE5V7MX2DPG7,0,,win,warm milk,movi,Sam-,electric blanket,tea,80,coffe,tea,Energy Drink,caffeine shot,Cok,Mountain Dew,70,Ice water,Ice Tea,soda,ice cream,orange juic,apple juic,57,fire plac,warm blanket,hot coffe,hot tea,fire pit,coat,51,money,credit card,cash app,fund,debit card,store credit,72,kitten,puppi,bird,hampster,fish,lizard,33,my car,bik,bu,your car,train,rail system,50,pencil,pen,marker,eraser,easel,paper,33,lighter,candle lighter,match,Zippo,Bic,Ga stov,142,flash light,light from phone screen,flash light on phon,key tag light,flash light app,light,143,scissor,shear,steak knif,kitchen scissor,thread remover,pocket knif,78,magnet,fridge magnet,magnetized bottle opener,magnetized chip clip,picture magnet,tap,83,her phone number,contact info,email,her on messenger,new job information,addres,72,extra mask,scarf,disposable mask,bandana,handkerchief,extra shirt,119,chicken,pork,ground beef,steak,turkey,fish,27.339
69.174.173.105,1016,TRUE,A1Y508FNU04ZLH,20,,bed,pillow,blanket,xanax,muscle relaxer,X,55,coffe,soda,adderall,cafein,drug,X,56,water,fan,air condition,many cold drink,X,X,77,heat,portable heater,log,fireplac,blanket,X,42,extra cash,credit card,chang,money,X,X,39,puppy,kitten,farret,fish,all kind of pet,X,75,wheel,motorcycl,car,truck,bik,X,51,pen,pencil,shader,canva,marker,chalk,65,lighter,match,ga stov,torch,X,X,43,flashlight,lighter,light,match,X,X,51,sccissor,knif,razor blad,something sharp,X,X,50,fridg,magnet,fram,tap,sticky dot,X,58,there number,there addres,contact with them,there social media,facebook,snap,75,extra mask,bandana,face shield,disposabl,X,X,75,pork,beef,chicken,different meat,X,X,42.939
136.60.233.52,588,TRUE,A11N2XYG9AGJ30,0,,pillow,chair,music,to turn these light down so you can nap,tea,movie,125,coffee I can mak,coffee so have som,coffee so make some if you lik,energy drinkyou want,plenty of energy drinks Have on,coffee and snacks Go for it,133,no ac Plenty of shade outsid,fans Ill turn them on,fan in the next room,Ill get a of fans,Let open the windows,fan and well open up the windows,110,firewood we can get,firewood just outsid,fireplace we can us,space heater Ill fire up,not much insulation in the walls,firewood and electric blanket thatll help warm us,145,cash you can borrow,cash you can us,card you can us,gift card that got some value left,gift card her,money,68,all sort of pet her,kitten and puppi you can adopt,rescue pet that they offer each weekend,rescue shelter they work with,puppi everywher,cats dogs bird and gecko you can choose from,84,bik,motorcycl,two scooter,car we can tak,car but we need some ga,your Mom car,75,pen and charcoal you can us,no doubt you can pull it off,sketch pad and pencil right her,plenty of thing you can use in her,set of pen and paper her,stuff you can us,123,one insid,one in the kitchen Ill get it,one right her,matches,match book,lighter somewher,78,flashlight,my phone flashlight,flashlight app,something her,light,lighter,52,scissor her,scissor somewhere in her,small knif,pocket knife her,scissors,something for that,69,magnets,magnet I could us,to take some stuff down first,to make room first,plenty of room up ther,all sort of pic like that,60,her number,feeling she seeing someon,number for her Ill get it ,feeling she engaged,to ask: you want to go out with her,sense she not dating anyon,81,spare on,spar,another mask somewher,clean on,mask I alway carry,gaiter,51,beef chicken or pork,all sort of meat choices,meat What do you want,only vegan sorry,beef and pork Choose buddy,no meat options,116.621
100.12.204.79,1910,TRUE,A26LOVXF4QZZCO,19,,beer,win,weed,scotch,vodka,seltzer,123,coffe,soda,cocain,adderal,amphetamin,X,61,ac,cold beer,cold drink,lemonad,X,X,51,stov,thermostat,fireplac,firewood,propane heater,X,41,money,credit card,debit card,gift card,chang,X,44,cat,dog,hamster,gerbil,lizard,guinea pig,46,bik,scooter,car,sakteboard,roller blad,X,54,paint,canva,finger paint,water color,brush,X,34,lighter,match,blow torch,candl,X,X,38,phon,flashlight,lighter,light,X,X,68,scissor,knif,clipper,utility blad,X,X,100,tap,magnet,spac,tim,X,X,42,her number,her email,her linkedin,her twitter,her instagram,X,56,mask,bandana,cloth,gaiter,X,X,61,beef,pork,chicken,lamb,veal,X,29.638
73.224.212.236,1120,TRUE,A336V7IY38Q2WN,0,,weed,vodka,win,beer,book,tv,37,coffe,cocain,amphetamin,adderall,pill,sugar,56,AC,fan,ic,cold drink,window,beer,37,blanket,jacket,sweater,cover,comforter,heater,91,cash,money,chang,credit card,debit card,bill,32,cat,dog,lizard,fish,ferret,sugar glider,35,car,scooter,motorcycl,bik,moped,roller blad,99,pencil,crayon,paint,marker,ink,pen,27,lighter,match,zippo,on,match,flam,51,binocular,smartphon,night vision goggl,infrared camera,digital camera,telescopic len,186,scissor,tweezer,needle nose plier,knif,box cutter,razor,52,magnet,tap,glu,adhesiv,pin,room,70,her home number,her email addres,her social media @,her profile pag,her office number,her phone number,49,napkin,hankerchief,bandanna,spar,mask,cloth,67,beef,chicken,sausag,bacon,pepperoni,lamb,150.322
65.27.109.126,1434,TRUE,A173MXK429XAZQ,0,,video gam,movi,beer,soda,pizza,takeout,28,coffe,few energy drink,breakfast,donut,hot tea,redbull,34,thermostat,window we can open,ice cub,door we can open,heater we can turn off,ga fireplace turned on,57,fireplac,thermostat,ga fireplac,wood stov,blanket,coat,53,your wallet,money I can lend you,gift card,credit card,$20,few dollar,44,goldfish,bird,parakeet,kitten,puppi,snak,19,roller skat,bik,scooter,segway,motorcycl,car,23,few hour,free tim,interest in that,few minut,time right now,little free tim,47,A lighter in her,light around somewher,box of match,book of match,light,something around her,72,flashlight,light on my phon,headlamp,nightvision goggl,lantern,lighter,32,scissor,knif,kitchen shear,nail clipper,nail scissor,pocketknif,47,fram,magnet,free spot on the fridg,just the plac,place to put it,just the spot,39,her number,h number,hi info,her info,hi contact information,her contact information,47,extra mask,scarf,face covering,turtleneck,bandana,strip of fabric,52,beef,pork,chicken,shrimp,fish,crab,24.08
162.193.23.43,2253,TRUE,A34U4186EW0B9X,1,,Milk,Weed,NyQuil,Melatonin,Whiskey,Beer,39,coffe,caffien,jolt,mountain dew,monster,kaboom,36,soda,kool-aid,slushy,water,juic,gatoraid,47,blanket,coat,scarf,vest,cloak,shawl,42,cash,gift card,credit card,store credit,gift certificat,traveler check,102,cat,dog,Lizard,A Hamster,A Bird,A Guinea Pig,40,car,bik,scooter,skateboard,cart,gocart,111,pencil,pen,crayon,brush,charcoal,chalk,178,match,lighter,Bic,A Zippo,A Flint,A Flam,65,flashlight,candl,lamp,torch,beacon,light,202,scissor,kniv,blad,xacto,scalpal,clipper,45,magnet,pin,clip,copy,spot,fram,40,her number,her digit,her email,her twitter,her facebook,her addres,87,mask,scarf,bandana,gaitor,sleev,X,72,steak,beef,chicken,lamb,pork,bacon,31.087
108.18.33.59,1878,TRUE,A3DJJQP3ATMFKP,24,,bed,music,aromatherapy,candl,X,X,57,coffe,tea,caffeine pill,energy drink,X,X,69,pool,cool shower,ice water,ice cream,X,X,114,heater,fir,warm blanket,warm sock,hot shower,hot tub,45,cash,my credit card,my debit card,chang,X,X,70,dog,cat,fish,guinea pig,hamster,bird,39,car,bik,scooter,bu pas,money for a cab,X,27,pencil,paper,pen,eraser,X,X,33,lighter,match,lighter inside the hous,match inside the hous,X,X,92,flashlight,lighter,match,light,X,X,66,scissor,razor,seam ripper,knif,X,X,106,magnet,more photo like thi on,copy right her,fridge over ther,X,X,60,her phone number,her email,her snapchat,her instagram,her facebook,X,73,extra mask,bandana,mask shield,balaclava,X,X,76,chicken,turkey,beef,pork,X,X,39.737
184.156.183.214,2384,TRUE,A2ONILC0LZKG6Y,30,,drink,gam,movi,idea,X,X,33,coffe,tea,energy drink,red bull,X,X,23,fan,AC,ice tea,window to open,X,X,48,fireplac,broken window,blanket,space heater,X,X,29,cash,my card,it her,your wallet,X,X,27,dog,cat,rabbit,bird,X,X,27,option,bik,scooter,car,X,X,56,pencil,paper,pen,suppli,X,X,56,on,match,lot,lighter,X,X,63,light,flashlight,phonelight,thi,X,X,31,scissor,clipper,something,knif,X,X,70,room,spac,nothing like it,idea,X,X,79,her,her number,her info,it her,X,X,53,extra,one her,clean on,thi on,X,X,47,pork,beef,chicken,seafood,X,X,19.716
66.214.10.101,675,TRUE,A2XKIP0PJ3FJ20,24,,Angela phone number,win,beer,pot,book,tv,69,Monster drink,my shower you can us,really SCARY horror flick,X,X,X,103,remote for the A/C,A/C,window we can open,fan,door we can open,X,69,fireplace we can us,blanket,sleeping bag,comforter,heater,X,92,enough to cover thi,twenty,money you lent m,my charge card,my pay check,X,47,cat,guinea pig,bird,puppi,fish,monkey,73,our motorcycl,Ford,our bik,Avanti,X,X,78,pencil,paint,drawing board,everything youll need,zero art suppli,X,83,lighter,match,my stop-smoking booklet : ),X,X,X,91,flashlight,my lighter,our spare set of key,X,X,X,60,scissor,knif,clipper,X,X,X,61,already,better idea,to do that,another nice one too,X,X,57,hi phone number,hi addres,hi eMail addres,hi office number,hi sister number,hi Dad number,63,spare one her,key to my car,X,X,X,X,89,pork,salami,hamburger,turkey,chicken,duck,64.292
68.59.117.67,1630,TRUE,A3VA5BS033GXU0,6,,music,bed,pillow,win,pill,gam,34,Medication,Water,Coffe,Beer,Caffeine pill,snack,60,fan,ac,cool room,drink,ice cream,water,126,blanket,heater,towel,hand warmer,sink,hot water,87,money,credit card,gift card,my wallet,debit card,X,41,dog,cat,fish,bird,turtl,ant,18,car,scooter,bik,train,bu,railroad,104,paint,pencil,marker,brush,canva,pen,117,lighter,match,stovetop,candl,flint,X,65,flashlight,phon,lighter,screen,ipad,X,247,scissor,knif,blad,tag remover,key,X,55,Spac,room,area,plac,right spot,X,194,number,email,contact info,acquaintanc,social media,busines card,45,spar,cloth,shirt,jacket,handkerchief,X,409,Beef,Chicken,Pork,Lamb,Intestin,Fish,25.451
98.149.74.82,1040,TRUE,A1ATL3G98SFW4V,0,,medicin,weed,alcohol,drink,water,food,36,coffe,medicin,breakfast,food,tea,caffein,39,water,A/C,fan,ic,drink,open window,84,blanket,heater,hot chocolat,hot drink,jacket,sock,57,cash,money,credit card,check,gift card,coin,403,dog,cat,bird,chinchilla,rat,fish,74,car,truck,van,bik,motorcycl,scooter,35,pencil,pen,paint,canva,paint brush,paper,246,fir,lighter,match,battery,money,flam,107,extra key,flashlight,phone light,glov,laser pointer,magnifying glas,103,scissor,tweezer,knif,needl,lighter,trimmer,116,tap,magnet,sticker,stapl,glu,thumb tack,81,her phone number,her busines card,her fax number,her addres,her apartment number,her email,69,mask,blanket,tissu,sanitizer,scarf,glov,130,sausag,beef,pork,chicken,duck,lamb,40.319
72.173.205.170,1548,TRUE,A1SNC8UL8YFRH5,0,?,time,food,book,movie,day like that,story related to that,131,coffee brewing,similar sleep issu,advice for better sleep,bathroom down the hall if you want to splash your fac,something exciting to show you,morning like that,90,spare swimsuit if you want to jump into the lak,shower in the bathroom down the hall,water if you think thatd help,ac in here if I turn it on,fan sitting on the counter,window you could crack open,94,jacket over ther,fireplace in her,cold front moving in too,warmer cloth I packed,hot tea Im making,no need to stay cold,94,mine so Ill cover you,noticed you dropped it and grabbed it for you,to pay you back anyhow,membership card I wanted to use anyway,time if you want to look for it,to go to the bathroom so Ill do that while you look,118,cute cat you could consider,adorable puppy Ive had my eye on too,bird if youre willing to consider that option,ferret though theyre a lot of work,tank full of fish if that what you meant,huge variety her,107,time to get to the bu stop,car right her,thing we can do around here too,bik if youd rather rid,food in the fridge then,to study more anyway,119,little time to spar,stool to sit on right her,face worth recording,great modeling stance Ive been practicing,to draw you next,dib on what we work on next though,97,my lighter right her,lighter in the kitchen drawer by the kniv,ga stove you can us,match here somewher,to find it first though,to run to the bathroom though,141,flashlight her,charged phone so Ill turn on the flashlight function,spare key just in cas,my glas in here somewher,time to search,done the same thing often,157,scissor,knife you could try using,paper cutter here somewher,tag I want to remove too,time to help you,something in here I can us,110,magnet,room on the fridg,other I want on there too,time to do that,few more Id like to show you,permission from my roommat,102,their number,their e-mail addres,lunch with them on Tuesday,talked to them recently,few project were working together on,been expecting you to ask,94,spare right her,my wallet so Ill go in and buy you one first,my key here so go wait in the car,bandana in here you can try to us,full face mask from work,time if you want to head back and grab it,146,pork beef or chicken,meat-replacement option too,great dish with meat,your order now,to put u on hold for a second,side dish too,161.985
107.242.117.40,2164,TRUE,A230GPTWWF3SE7,0,,lavender oil,tea,cbd,beer,video gam,weed,65,coffe,red bull,black tea,caffeine pill,yerba mat,cocain,38,ic,AC,window,fan,water,cooler,17,jacket,blanket,coat,whiskey,tea,coffe,21,20 buck,credit card,debit card,check,apple pay,google pay,12,dog,bird,cat,lizard,fish,snak,117,bik,extra car,truck,atv,hors,sled,31,pencil,pen,charcoal,tablet,computer tablet,fountain pen,18,flashlight,zippo lighter,torch,firestarter,rock,stick,23,flashlight,phon,keylight,hook,night vision goggl,camera,42,scissor,nail clip,knif,cuticle cutter,saw,finger,31,tap,glu,magnet,putty,tack,gel,26,busines card,number,instagram,facebook,linkedin,twitter,20,shirt,extra mask,cloth,tarp,shield,jacket,163,char siu,pork,chicken,beef,fish,tofu,16.855
97.102.64.181,1539,TRUE,A1NIKHUA79SWGD,0,?,cigarette,great massage skill if you want me to give you a rub,vodka,snack,tv,ticket to a show tonight if you want to come with m,111,coffee in a pot ready to drink,gift card to Starbuck you can have to get something,caffeine pill you could tak,energy drink in my fridg,energy shot I got from the store the other day,chocolate bar which ha some caffeine in it,141,AC unit in her,cold drink in the fridge to cool you down,window we can open,ceiling fan we can turn on,ice in the freezer you can have to cool off,paper fan I found in the closet,88,blanket in her,heater somewher,hot water if you want to take a shower,stove to make a hot meal,coffee maker if you want a warm drink,jacket in the closet,58,enough on me to cover this,your wallet right her,my debit card you can pay me back later,cash I think it enough,thi wallet I found but I didnt know if it wa yours,good feeling well find your wallet since it not in her,97,dogs,cats,gerbils,mic,birds,all kind of animals,31,your car,my car,two biks,two seat motorcycl,money to call a taxi since the garage i empty,go-kart if you feel like being adventurous,101,beautiful body go ahead,to get something out but give me a minute and well do it,to really do that at some point,to cook dinner first but maybe later,to find some object to pose with though,good place we could do that,125,match in her,lighter in here somewher,ga stove we can light them on,little oil lamp we can use to ignite them with,something we can use to light it somewhere Im sur,no interest in smoking but you go right ahead,96,my phone Ill turn it on flashlight mod,to put something in my pocket and then Ill help you look,to get my glas out so I can see better in the dark,to call someone to bring a flashlight,flashlight on my keyring we can use it to look,magnet in my pocket maybe we can use it to stick to the keys,266,scissors,knif,needle we can take the stitch out,pair of plyer to pull it out with,lighter to burn it off,gloves let me put them on and tear it off,106,to do that right after I win the Nobel Priz,other photo on there but maybe I can make room,lot of appreciation for that photo,to clean off the fridge anyway,show people what a great picture that is,to put it up if you really like it that much,103,Morgan number her,got it written down in my phon,it written down somewhere back at work,called Morgan before but Ill have to look up the number,Morgan email since I dont remember the number,to get back to you on that because I cant remember right now,59,extra one you can us,few of different colors but what kind would you lik,paper mask that you could hav,bandana in here I gues that might work,mask in here somewher,something you can use I bet,149,beef,pork,chicken,fish,shrimp,artificial meat made from tofu,34.156
65.28.107.5,2083,TRUE,A3GWN5RZRS5L9I,0,,movie,water,snacks,bean bag,just the trick,time,113,pillow,coffe,caffeine pill,monster energy drink,orange juice that might help,cold water,86,thermostat to adjust the tempatur,somewhere else we can go that cooler,thermostat but it brok,water in the fridg,cooler day ahead tommorow,clouds it might rain soon,180,fireplace Get warm,thermostat Turn it where you need it,my coat put thi on,blanket wrap up in this,gloves,extra socks,96,chang,extra cash,gift card,extra money,quarters thi will help,your wallet right her,90,kittens,puppies,Lot to choose from,reptil if that what you lik,good selection,new animal all the tim,89,motorcycl,extra bik,my old truck we could tak,my wallet let take a cab,extra comfortable sho that might help,my wif car she not using,190,6x6 piece of poster board to draw it on,all the suppli needed,several typ of pencils,nothing else to do,I have tim,sometime thi afternoon,147,bic lighter,box of matches,to have something around here somewher,Lighter fluid Let me refill min,new one you can keep thi on,your lighter in my pocket,105,flashlight,my phon,my lighter,matches,to have to have something that will help,find your phone be right abck,149,scissors,something here that will do the trick,nothing here Let buy some scissors,box cutter,thi other sweater try thi one instead,nail clippers These might help,201,spac,another picture instead,just the right plac,all the other pictur hanging up,wall hanging kit,scotch tap,117,hi number right her,brads if you want hi instead,hi e-mail and phone which do you prefer,morgan and landlineher both,hi all the info in my contacts,hi old phone number but not hi new on,162,extra on,mask at hom,scarf use this,mine you go ahead I will wait outsid,whole pack right her,better one for you,102,beef or pork,smoked or grilled,plenty to choose from,that if you want it,Anything you want,variety of things,101.165
73.209.168.89,1188,TRUE,A2PUL3ZDXOW0VZ,6,,tea,win,whiskey,weed,jacuzzi,xanax,101,coffe,tea,caffeine pill,ephedrin,Adderall,amphetamin,109,AC,attic fan,ceiling fan,dehumidifier,oscillating fan,water mister,144,central heat,fireplac,wood burning stov,solar panel,space heater,blanket,95,money,my credit card,my debit card,my checkbook,gift card,X,105,dog,cat,hamster,guinea pig,parakeet,cockatiel,79,car,truck,motorcycl,inline skat,bik,Segway,114,pencil,pen,charcoal,pastel,oil paint,watercolor,72,lighter,match,blow torch,ga burner,brand from the fireplac,X,157,flashlight,my phon,lighter,match,glow stick,lantern,100,scissor,knif,nail clipper,wire cutter,nail fil,X,186,magnet,tap,chewing gum,adhesiv,X,X,95,her number,her email addres,her LinkedIn,her Twitter nam,her addres,her Facebook,116,mask,respirator,bandana,handkerchief,coffee filter,X,146,beef,chicken,pork,fish,shrimp,turkey,63.073
174.197.0.52,884,TRUE,A2PBYJGWVOA933,8,,yoga,sofa,quiet room,tea,tv,hot shower,62,coffee if youd like a cup,extra towel if you want to splash some cold water on your fac,caffeine pill I use when Im in a hurry,extra blanket on the couch if you want to take a quick nap,breakfast smoothi that might help you feel more energized,X,105,cold water in the fridg,ice cream in the freezer,ice pack,electric fan,AC,window we can open,53,plenty of blanket,fireplace we can light,space heater,extra sweater,hot water bottl,kettle on the stove to make tea,47,extra cash,bunch of spare chang,my credit card,my checkbook,my bank card,gift card to thi stor,47,really cute kitten,new display with adorable puppi,these beautiful bird for sal,huge variety of animal her,really exotic lizard and snak,adoption center that connected to a local shelter,81,my truck,my partner car,few bik,moped,skat,my dad old van,81,colored pencil,marker,crayon,watercolor paint,pencil and pen,oil pastel,53,box of kitchen match,butane lighter I use for the grill,ga stove so you can use the burner,my own lighter which I left on the counter,these really long match that I use to light my fireplac,X,82,keychain flashlight,my phone flashlight,my lighter,X,X,X,94,pair of scissor right here you can us,tool I got off Amazon that get rid of tag easier,penknife that will cut through the tag,little pair of nail scissor that just the right siz,X,X,96,space right in the middle of the fridg,magnet right here that we can us,extra copy of thi on,lot of great memori with thi photo,other photo from thi trip already on display,time to put thi on display,123,their phone number,their email,their phone number,addres of their blog,their home addres,their work schedul,57,extra disposable mask,clean bandanna,extra cloth mask,gaiter you can us,N95 mask from work,promotional mask I got for fre,69,chicken,beef,pork,shrimp,combo with chicken beef and pork,X,76.282
72.195.208.38,1729,TRUE,A1QC1K71RGKZBI,13,,music,book,massage pad,movie,bed,sleep mask ,121,just made some coffe,to open a window for sunlight to come in,strong lamp to wake you up,loud alarm to wake you,energetic music to wake you,X,137,open window,AC,small fan,wind going through,personal fan,X,88,fireplac,portable heater,wall heater,stove to turn on,X,X,67,cash to loan you,credit card for you to us,debit card for you to us,X,X,X,83,kitten,puppi,hamster,fish,bird,ferret,81,car,bik for two,motorcycl,scoter,wheelchair,electric car,84,pencil to start,charcoal to outlin,oil paint to create the portrait,multiple brush to us,canva to paint on,paper to practice on,118,extra lighter,match,strong red light,fireplace match,butane light,ga stov,122,small flashlight,my phone light,car headlight,large flashlight in my trunk,X,X,121,knife to cut it,good pair of scissor,hand to remove it for you,seam ripper that sharp,A pocket knife to remove it,clipper to help you,132,magnetic clip,magnetic paper backing,plastic clip,magnetic fram,small round magnetic,temporary glu,94,their email,their phone number,their text number,their addres,X,X,66,handkerchief,cloth,tissu,extra handmade mask,X,X,108,chicken beef to choose from,also a vegetarian option,wide noodl and small noodl to choose from,chicken and beef broth,spicy or non spicy,choice of vegetabl to go with the meat,122.239