condition,context,,word,counts,ix_mean,ix_std
FALSE,bakery,0,bread,35,1.085714286,0.373491363
FALSE,bakery,1,coffee,10,2.2,0.788810638
FALSE,bakery,2,bagels,10,2.1,0.567646212
FALSE,bakery,3,muffins,6,2.5,0.547722558
FALSE,bakery,4,rolls,6,2,0.632455532
FALSE,bakery,5,pizza,5,2.8,0.447213595
FALSE,bakery,6,water,4,2.25,0.5
FALSE,bakery,7,sandwiches,4,1.75,0.5
FALSE,bakery,8,biscuits,4,2.75,0.5
FALSE,bakery,9,croissants,3,1.666666667,1.154700538
FALSE,bakery,10,croissant,2,1,0
FALSE,bakery,11,sandwich,2,2,0
FALSE,bakery,12,soda,2,3,0
FALSE,bakery,13,crackers,2,3,0
FALSE,bakery,14,pretzels,2,2.5,0.707106781
FALSE,bakery,15,flatbread,2,2,1.414213562
FALSE,bakery,16,cheese,2,2.5,0.707106781
FALSE,bakery,17,tea,1,2,0
FALSE,bakery,18,sugar,1,2,0
FALSE,bakery,19,chickenpie,1,2,0
FALSE,bakery,20,eggs,1,3,0
FALSE,bakery,21,hotchocolate,1,3,0
FALSE,bakery,22,ryebread,1,2,0
FALSE,bakery,23,crossants,1,3,0
FALSE,bakery,24,focaccia,1,3,0
FALSE,bakery,25,cinamonrolls,1,3,0
FALSE,bakery,26,salad,1,3,0
FALSE,bakery,27,garlicbread,1,2,0
FALSE,bakery,28,orangejuice,1,3,0
FALSE,bakery,29,chicken,1,3,0
FALSE,bakery,30,toast,1,3,0
FALSE,bakery,31,potatochips,1,3,0
FALSE,bakery,32,coffee/tea,1,2,0
FALSE,bakery,33,pastries,1,2,0
FALSE,bakery,34,meat,1,1,0
FALSE,bakery,35,smoothies,1,2,0
FALSE,bakery,36,croisants,1,3,0
FALSE,bakery,37,sourdough,1,2,0
FALSE,bakery,38,whitebread,1,3,0
FALSE,bakery,39,cabbagepie,1,2,0
FALSE,bakery,40,pizzacrusts,1,3,0
FALSE,bakery,41,breadsticks,1,3,0
FALSE,bakery,42,biscottis,1,3,0
FALSE,bakery,43,pizzacrust,1,2,0
FALSE,bakery,44,fruit,1,1,0
FALSE,bakery,45,scones,1,1,0
FALSE,bakery,46,donuts,1,2,0
FALSE,bakery,47,bakingpans,1,3,0
FALSE,closet,0,shoes,15,2.266666667,0.798808637
FALSE,closet,1,coat,13,1.461538462,0.776250026
FALSE,closet,2,pants,13,2.076923077,0.862316499
FALSE,closet,3,suit,8,1.625,0.51754917
FALSE,closet,4,boots,6,1.833333333,0.98319208
FALSE,closet,5,jeans,6,1.833333333,0.752772653
FALSE,closet,6,jacket,4,1.5,0.577350269
FALSE,closet,7,scarf,4,1.75,0.5
FALSE,closet,8,ties,3,2.333333333,0.577350269
FALSE,closet,9,toys,3,2.333333333,0.577350269
FALSE,closet,10,hangers,3,2.666666667,0.577350269
FALSE,closet,11,shirt,3,2.333333333,1.154700538
FALSE,closet,12,sweater,3,2.333333333,1.154700538
FALSE,closet,13,shirts,3,2.333333333,1.154700538
FALSE,closet,14,gloves,3,2.666666667,0.577350269
FALSE,closet,15,socks,2,2.5,0.707106781
FALSE,closet,16,coats,2,1.5,0.707106781
FALSE,closet,17,belt,2,3,0
FALSE,closet,18,dresses,2,2,1.414213562
FALSE,closet,19,hats,2,2,0
FALSE,closet,20,workclothes,2,2,1.414213562
FALSE,closet,21,hat,2,2,0
FALSE,closet,22,dressshirt,2,2,0
FALSE,closet,23,dress,2,1,0
FALSE,closet,24,tie,1,2,0
FALSE,closet,25,tshirt,1,2,0
FALSE,closet,26,sweatshirt,1,3,0
FALSE,closet,27,t-shirts,1,1,0
FALSE,closet,28,blouses,1,3,0
FALSE,closet,29,fabric,1,3,0
FALSE,closet,30,belts,1,3,0
FALSE,closet,31,tuxedo,1,1,0
FALSE,closet,32,books,1,3,0
FALSE,closet,33,muffler,1,3,0
FALSE,closet,34,umbrella,1,3,0
FALSE,closet,35,hockeystick,1,3,0
FALSE,closet,36,overalls,1,3,0
FALSE,closet,37,boxes,1,1,0
FALSE,closet,38,luggage,1,1,0
FALSE,closet,39,sweatpant,1,2,0
FALSE,closet,40,safe,1,2,0
FALSE,closet,41,longsleeveshirt,1,2,0
FALSE,closet,42,dressshirts,1,1,0
FALSE,closet,43,purses,1,1,0
FALSE,closet,44,tshirts,1,2,0
FALSE,closet,45,beanie,1,3,0
FALSE,closet,46,wrappingpaper,1,1,0
FALSE,closet,47,makeup,1,3,0
FALSE,closet,48,towels,1,1,0
FALSE,closet,49,boardgames,1,1,0
FALSE,closet,50,suits,1,1,0
FALSE,closet,51,cards,1,1,0
FALSE,closet,52,stuffedanimals,1,3,0
FALSE,closet,53,sweatpants,1,2,0
FALSE,corner,0,chips,13,1.692307692,0.947330933
FALSE,corner,1,bread,12,1.666666667,0.778498944
FALSE,corner,2,soda,11,2.181818182,0.873862898
FALSE,corner,3,milk,10,2,0.942809042
FALSE,corner,4,beer,8,1.625,0.51754917
FALSE,corner,5,cigarettes,7,2,0.577350269
FALSE,corner,6,eggs,4,2.5,1
FALSE,corner,7,steak,3,1.333333333,0.577350269
FALSE,corner,8,candy,3,2.666666667,0.577350269
FALSE,corner,9,meat,3,2,1
FALSE,corner,10,liquor,3,1.666666667,1.154700538
FALSE,corner,11,crackers,2,2,0
FALSE,corner,12,lotterytickets,2,3,0
FALSE,corner,13,sandwiches,2,3,0
FALSE,corner,14,alcohol,2,1.5,0.707106781
FALSE,corner,15,wine,2,2.5,0.707106781
FALSE,corner,16,fruit,2,1,0
FALSE,corner,17,chicken,2,2,0
FALSE,corner,18,rice,2,2,1.414213562
FALSE,corner,19,pretzels,2,2,0
FALSE,corner,20,cannedgoods,2,1.5,0.707106781
FALSE,corner,21,gum,2,2.5,0.707106781
FALSE,corner,22,water,2,2,0
FALSE,corner,23,chocolate,1,3,0
FALSE,corner,24,chips`,1,3,0
FALSE,corner,25,macaroni,1,2,0
FALSE,corner,26,hamburger,1,3,0
FALSE,corner,27,burrito,1,1,0
FALSE,corner,28,hotdogs,1,3,0
FALSE,corner,29,cereal,1,2,0
FALSE,corner,30,soups,1,1,0
FALSE,corner,31,donuts,1,2,0
FALSE,corner,32,icecream,1,3,0
FALSE,corner,33,energydrinks,1,3,0
FALSE,corner,34,pasta,1,3,0
FALSE,corner,35,chipsandsnacks,1,2,0
FALSE,corner,36,popcorn,1,2,0
FALSE,corner,37,sandwich,1,2,0
FALSE,corner,38,cookies,1,2,0
FALSE,corner,39,soup,1,2,0
FALSE,corner,40,potatochips,1,1,0
FALSE,corner,41,muffins,1,2,0
FALSE,corner,42,frozenpizza,1,3,0
FALSE,corner,43,oil,1,3,0
FALSE,corner,44,oysters,1,3,0
FALSE,corner,45,beefjerky,1,1,0
FALSE,corner,46,apple,1,3,0
FALSE,corner,47,drinks,1,3,0
FALSE,corner,48,instantnoodles,1,1,0
FALSE,corner,49,bead,1,1,0
FALSE,corner,50,burgers,1,3,0
FALSE,corner,51,newspaper,1,1,0
FALSE,corner,52,beans,1,3,0
FALSE,corner,53,pop,1,3,0
FALSE,corner,54,frozenmeals,1,1,0
FALSE,corner,55,pizza,1,2,0
FALSE,corner,56,lunchmeat,1,2,0
FALSE,corner,57,sodas,1,1,0
FALSE,corner,58,beef,1,3,0
FALSE,corner,59,meats,1,1,0
FALSE,fitness,0,yoga,24,1.541666667,0.779027636
FALSE,fitness,1,swimming,12,2.083333333,0.792961461
FALSE,fitness,2,spin,11,2.090909091,0.831209415
FALSE,fitness,3,weights,10,1.8,0.632455532
FALSE,fitness,4,aerobics,7,2.142857143,0.899735411
FALSE,fitness,5,running,5,2.2,0.447213595
FALSE,fitness,6,tennis,5,1.6,0.547722558
FALSE,fitness,7,zumba,5,1.6,0.894427191
FALSE,fitness,8,pilates,4,2.25,0.5
FALSE,fitness,9,dance,3,1.333333333,0.577350269
FALSE,fitness,10,jogging,3,3,0
FALSE,fitness,11,meditation,3,2.666666667,0.577350269
FALSE,fitness,12,golf,3,1.666666667,0.577350269
FALSE,fitness,13,walking,2,2,1.414213562
FALSE,fitness,14,personaltraining,2,2.5,0.707106781
FALSE,fitness,15,boxing,2,2,1.414213562
FALSE,fitness,16,exerciseclasses,2,2,1.414213562
FALSE,fitness,17,karate,2,2,1.414213562
FALSE,fitness,18,cardio,2,2,1.414213562
FALSE,fitness,19,actingclass,1,2,0
FALSE,fitness,20,badminton,1,3,0
FALSE,fitness,21,treadmills,1,3,0
FALSE,fitness,22,weighttraining,1,1,0
FALSE,fitness,23,aquaaerobics,1,2,0
FALSE,fitness,24,sauna,1,3,0
FALSE,fitness,25,squash,1,3,0
FALSE,fitness,26,jumpingjacks,1,2,0
FALSE,fitness,27,gym,1,1,0
FALSE,fitness,28,singlestennis,1,3,0
FALSE,fitness,29,daycare,1,3,0
FALSE,fitness,30,barbells,1,1,0
FALSE,fitness,31,exercise,1,1,0
FALSE,fitness,32,rowingmachine,1,3,0
FALSE,fitness,33,personaltrainingsessions,1,1,0
FALSE,fitness,34,treadmill,1,3,0
FALSE,fitness,35,skateboarding,1,3,0
FALSE,fitness,36,cardiodance,1,3,0
FALSE,fitness,37,track,1,3,0
FALSE,fitness,38,rockclimbing,1,2,0
FALSE,fitness,39,pushups,1,1,0
FALSE,fitness,40,weightlifting,1,3,0
FALSE,fitness,41,stairclimbers,1,2,0
FALSE,fitness,42,jiu-jitsu,1,3,0
FALSE,fitness,43,danceworkout,1,3,0
FALSE,fitness,44,muaythai,1,2,0
FALSE,fitness,45,artclass,1,1,0
FALSE,fitness,46,stretching,1,2,0
FALSE,fitness,47,fencing,1,3,0
FALSE,fitness,48,jazzercize,1,2,0
FALSE,fitness,49,danceaerobics,1,3,0
FALSE,fridge,0,meat,19,1.736842105,0.805681579
FALSE,fridge,1,eggs,18,1.777777778,0.808452083
FALSE,fridge,2,vegetables,14,2.142857143,0.770328887
FALSE,fridge,3,cheese,11,2.090909091,0.943879807
FALSE,fridge,4,salad,11,2.363636364,0.924416278
FALSE,fridge,5,condiments,10,2,0.816496581
FALSE,fridge,6,butter,10,1.9,0.875595036
FALSE,fridge,7,leftovers,8,2.125,0.83452296
FALSE,fridge,8,fruit,6,2,0.894427191
FALSE,fridge,9,fruits,5,2,1
FALSE,fridge,10,bread,4,2,0.816496581
FALSE,fridge,11,milk,3,1.666666667,0.577350269
FALSE,fridge,12,pizza,3,2.333333333,1.154700538
FALSE,fridge,13,pickles,2,2,1.414213562
FALSE,fridge,14,sourcream,2,2.5,0.707106781
FALSE,fridge,15,jelly,1,1,0
FALSE,fridge,16,hotdogs,1,1,0
FALSE,fridge,17,yogurt,1,3,0
FALSE,fridge,18,syrup,1,2,0
FALSE,fridge,19,icecream,1,2,0
FALSE,fridge,20,steak,1,2,0
FALSE,garage,0,car,29,1.379310345,0.621851676
FALSE,garage,1,lawnmower,16,1.875,0.885061203
FALSE,garage,2,tools,14,1.928571429,0.730045912
FALSE,garage,3,bike,8,2.125,0.83452296
FALSE,garage,4,handtools,6,2.333333333,0.516397779
FALSE,garage,5,gardeningtools,6,2.5,0.836660027
FALSE,garage,6,bicycle,5,1.8,0.836660027
FALSE,garage,7,boxes,4,2,0.816496581
FALSE,garage,8,hose,3,1.666666667,0.577350269
FALSE,garage,9,workoutgear,3,2.333333333,1.154700538
FALSE,garage,10,autogear,2,3,0
FALSE,garage,11,sportsgear,2,1.5,0.707106781
FALSE,garage,12,gas,2,2.5,0.707106781
FALSE,garage,13,tires,2,2.5,0.707106781
FALSE,garage,14,ladder,1,2,0
FALSE,garage,15,videos,1,2,0
FALSE,garage,16,snowblower,1,3,0
FALSE,garage,17,sparetire,1,3,0
FALSE,garage,18,cars,1,3,0
FALSE,garage,19,freezer,1,3,0
FALSE,garage,20,oldclothes,1,3,0
FALSE,garage,21,bbq,1,1,0
FALSE,garage,22,television,1,3,0
FALSE,garage,23,trampoline,1,2,0
FALSE,garage,24,pooltable,1,2,0
FALSE,garage,25,gardeningsupplies,1,3,0
FALSE,garage,26,washer,1,3,0
FALSE,garage,27,tv,1,1,0
FALSE,garage,28,hoverboard,1,3,0
FALSE,garage,29,handtool,1,3,0
FALSE,garage,30,treadmill,1,3,0
FALSE,garage,31,toolbench,1,3,0
FALSE,garage,32,furniture,1,2,0
FALSE,garage,33,oil,1,2,0
FALSE,garage,34,boardgames,1,1,0
FALSE,garage,35,toolbox,1,2,0
FALSE,garage,36,deepfreezer,1,3,0
FALSE,garage,37,workbench,1,3,0
FALSE,garage,38,pipes,1,1,0
FALSE,garage,39,ironshelf,1,3,0
FALSE,garage,40,oldnewspapers,1,3,0
FALSE,garage,41,broom,1,2,0
FALSE,garage,42,vehicle,1,1,0
FALSE,garage,43,vice,1,2,0
FALSE,garage,44,wheels,1,1,0
FALSE,garage,45,skateboard,1,3,0
FALSE,handbag,0,wallet,24,1.916666667,0.775531608
FALSE,handbag,1,lipstick,16,1.3125,0.602079729
FALSE,handbag,2,keys,13,2.384615385,0.650443636
FALSE,handbag,3,phone,8,2,0.9258201
FALSE,handbag,4,makeup,8,2.125,0.83452296
FALSE,handbag,5,money,7,2.142857143,0.899735411
FALSE,handbag,6,chapstick,6,1.833333333,0.98319208
FALSE,handbag,7,mirror,5,1.6,0.894427191
FALSE,handbag,8,mints,4,2,0.816496581
FALSE,handbag,9,gum,4,1.5,1
FALSE,handbag,10,comb,3,2,0
FALSE,handbag,11,tissues,3,1.666666667,0.577350269
FALSE,handbag,12,books,2,1,0
FALSE,handbag,13,binder,2,2.5,0.707106781
FALSE,handbag,14,wipes,2,3,0
FALSE,handbag,15,brush,2,2,1.414213562
FALSE,handbag,16,receipts,2,3,0
FALSE,handbag,17,candy,2,2.5,0.707106781
FALSE,handbag,18,glasses,2,1.5,0.707106781
FALSE,handbag,19,id,2,2.5,0.707106781
FALSE,handbag,20,compact,1,2,0
FALSE,handbag,21,scarf,1,3,0
FALSE,handbag,22,keychain,1,3,0
FALSE,handbag,23,laptop,1,2,0
FALSE,handbag,24,medecine,1,3,0
FALSE,handbag,25,passport,1,3,0
FALSE,handbag,26,purse,1,3,0
FALSE,handbag,27,cellphone,1,2,0
FALSE,handbag,28,hairbrush,1,3,0
FALSE,handbag,29,taser,1,1,0
FALSE,handbag,30,coins,1,2,0
FALSE,handbag,31,tissue,1,1,0
FALSE,handbag,32,earbuds,1,2,0
FALSE,handbag,33,bandaids,1,1,0
FALSE,handbag,34,handsanitizer,1,3,0
FALSE,handbag,35,water,1,3,0
FALSE,handbag,36,balm,1,2,0
FALSE,handbag,37,coffee,1,3,0
FALSE,library,0,english,20,1.8,0.695852374
FALSE,library,1,history,20,1.9,0.852241626
FALSE,library,2,math,17,1.411764706,0.71228712
FALSE,library,3,art,6,1.833333333,0.752772653
FALSE,library,4,mathematics,4,2.25,0.5
FALSE,library,5,economics,4,1.5,0.577350269
FALSE,library,6,literature,4,2.5,1
FALSE,library,7,psychology,4,3,0
FALSE,library,8,algebra,4,2,0
FALSE,library,9,music,3,2.333333333,1.154700538
FALSE,library,10,crafts,3,2.333333333,1.154700538
FALSE,library,11,socialstudies,3,2.333333333,1.154700538
FALSE,library,12,sociology,3,2.333333333,0.577350269
FALSE,library,13,spanish,3,2.666666667,0.577350269
FALSE,library,14,geometry,2,2,1.414213562
FALSE,library,15,mystery,2,2,0
FALSE,library,16,architecture,2,2,1.414213562
FALSE,library,17,cooking,2,2,1.414213562
FALSE,library,18,calculus,2,3,0
FALSE,library,19,mathbooks,1,1,0
FALSE,library,20,foreignlanguages,1,2,0
FALSE,library,21,historybooks,1,3,0
FALSE,library,22,grammar,1,1,0
FALSE,library,23,fiction,1,3,0
FALSE,library,24,biology,1,2,0
FALSE,library,25,engineering,1,2,0
FALSE,library,26,romance,1,1,0
FALSE,library,27,spelling,1,2,0
FALSE,library,28,accounting,1,1,0
FALSE,library,29,civics,1,3,0
FALSE,library,30,health,1,3,0
FALSE,library,31,mysterybooks,1,3,0
FALSE,library,32,government,1,2,0
FALSE,library,33,geography,1,3,0
FALSE,library,34,graphicnovels,1,2,0
FALSE,library,35,americanhistory,1,1,0
FALSE,library,36,americanliterature,1,3,0
FALSE,library,37,fictionbooks,1,2,0
FALSE,library,38,children'sbooks,1,3,0
FALSE,library,39,sewing,1,1,0
FALSE,library,40,artbooks,1,1,0
FALSE,library,41,worldliterature,1,3,0
FALSE,library,42,animals,1,2,0
FALSE,library,43,dinosaurs,1,2,0
FALSE,library,44,fantasybooks,1,1,0
FALSE,library,45,foreignlanguage,1,2,0
FALSE,library,46,mysterynovels,1,3,0
FALSE,library,47,spanishlanguage,1,3,0
FALSE,library,48,russianlanguage,1,3,0
FALSE,mall,0,clothing,32,1.1875,0.535061046
FALSE,mall,1,electronics,14,2.285714286,0.611249846
FALSE,mall,2,shoes,9,2,1
FALSE,mall,3,department,7,2,0.816496581
FALSE,mall,4,jewls,6,2,0.632455532
FALSE,mall,5,theater,4,2.5,0.577350269
FALSE,mall,6,sports,4,2,0.816496581
FALSE,mall,7,toys,3,1.666666667,0.577350269
FALSE,mall,8,shoe,3,1.666666667,0.577350269
FALSE,mall,9,books,2,1.5,0.707106781
FALSE,mall,10,makeup,2,2.5,0.707106781
FALSE,mall,11,appliances,2,3,0
FALSE,mall,12,perfume,2,3,0
FALSE,mall,13,art,2,3,0
FALSE,mall,14,book,2,2.5,0.707106781
FALSE,mall,15,videogames,2,2,0
FALSE,mall,16,furniture,2,3,0
FALSE,mall,17,skateboard,1,3,0
FALSE,mall,18,candy,1,1,0
FALSE,mall,19,purses,1,2,0
FALSE,mall,20,clothes,1,1,0
FALSE,mall,21,music,1,2,0
FALSE,mall,22,salon,1,1,0
FALSE,mall,23,escalators,1,2,0
FALSE,mall,24,coat,1,2,0
FALSE,mall,25,utensils,1,3,0
FALSE,mall,26,bathroom,1,3,0
FALSE,mall,27,clothings,1,1,0
FALSE,mall,28,knickknack,1,3,0
FALSE,mall,29,hatstore,1,2,0
FALSE,mall,30,glasses,1,3,0
FALSE,mall,31,deparment,1,3,0
FALSE,mall,32,icecream,1,3,0
FALSE,mall,33,hardware,1,2,0
FALSE,mall,34,playarea,1,3,0
FALSE,mall,35,pet,1,3,0
FALSE,mall,36,arcade,1,2,0
FALSE,mall,37,hairbrush,1,2,0
FALSE,mall,38,carpet,1,3,0
FALSE,mall,39,toy,1,3,0
FALSE,mall,40,videogame,1,3,0
FALSE,mall,41,gifts,1,3,0
FALSE,mall,42,retail,1,2,0
FALSE,mall,43,tools,1,2,0
FALSE,mall,44,guestservices,1,3,0
FALSE,mall,45,internet,1,1,0
FALSE,mall,46,sportsgear,1,2,0
FALSE,mall,47,shoestore,1,1,0
FALSE,mall,48,card,1,2,0
FALSE,mall,49,disney,1,2,0
FALSE,mall,50,toystore,1,3,0
FALSE,mall,51,luggage,1,3,0
FALSE,mall,52,phones,1,2,0
FALSE,mall,53,jewelrystore,1,3,0
FALSE,mall,54,arts,1,3,0
FALSE,play,0,books,11,1.181818182,0.404519917
FALSE,play,1,tv,9,1.555555556,0.726483157
FALSE,play,2,couch,8,1.875,0.991031209
FALSE,play,3,table,8,1.5,0.534522484
FALSE,play,4,furniture,4,1.75,0.957427108
FALSE,play,5,chair,4,2.75,0.5
FALSE,play,6,knives,3,1.666666667,0.577350269
FALSE,play,7,chairs,3,2.333333333,0.577350269
FALSE,play,8,refrigerator,3,1.333333333,0.577350269
FALSE,play,9,television,3,1.666666667,1.154700538
FALSE,play,10,food,2,3,0
FALSE,play,11,pillows,2,2.5,0.707106781
FALSE,play,12,clothes,2,2,0
FALSE,play,13,lamp,2,1,0
FALSE,play,14,pencils,2,3,0
FALSE,play,15,sofa,2,2,1.414213562
FALSE,play,16,refridgerator,2,2.5,0.707106781
FALSE,play,17,mop,2,3,0
FALSE,play,18,guns,2,1,0
FALSE,play,19,alcohol,1,1,0
FALSE,play,20,dvd's,1,3,0
FALSE,play,21,oven,1,1,0
FALSE,play,22,vacuumcleaner,1,2,0
FALSE,play,23,tables,1,3,0
FALSE,play,24,paintings,1,3,0
FALSE,play,25,rug,1,2,0
FALSE,play,26,glasses,1,3,0
FALSE,play,27,craftsupplies,1,2,0
FALSE,play,28,artsupplies,1,3,0
FALSE,play,29,music,1,3,0
FALSE,play,30,dishes,1,1,0
FALSE,play,31,aggressivepets,1,2,0
FALSE,play,32,kitchensink,1,2,0
FALSE,play,33,antiques,1,3,0
FALSE,play,34,movies,1,2,0
FALSE,play,35,ipad,1,2,0
FALSE,play,36,vases,1,2,0
FALSE,play,37,pens,1,2,0
FALSE,play,38,dishwasher,1,1,0
FALSE,play,39,marbles,1,3,0
FALSE,play,40,fan,1,3,0
FALSE,play,41,blankets,1,2,0
FALSE,play,42,cannedfood,1,3,0
FALSE,play,43,knife,1,3,0
FALSE,play,44,statues,1,3,0
FALSE,play,45,rugs,1,2,0
FALSE,play,46,logs,1,3,0
FALSE,play,47,phone,1,3,0
FALSE,play,48,gun,1,2,0
FALSE,play,49,belts,1,3,0
FALSE,play,50,picture,1,2,0
FALSE,play,51,hairdryer,1,2,0
FALSE,play,52,worktools,1,3,0
FALSE,play,53,powertools,1,3,0
FALSE,play,54,waterbottles,1,2,0
FALSE,play,55,bed,1,2,0
FALSE,play,56,beds,1,1,0
FALSE,play,57,shower,1,3,0
FALSE,play,58,computergear,1,2,0
FALSE,play,59,coffeetable,1,3,0
FALSE,play,60,carpet,1,3,0
FALSE,play,61,stereo,1,2,0
FALSE,play,62,crayons,1,1,0
FALSE,play,63,stove,1,2,0
FALSE,play,64,drugs,1,3,0
FALSE,play,65,bowls,1,3,0
FALSE,play,66,tools,1,2,0
FALSE,play,67,glassornaments,1,1,0
FALSE,play,68,art,1,1,0
FALSE,play,69,flowervases,1,2,0
FALSE,play,70,lamps,1,3,0
FALSE,play,71,furnitute,1,1,0
FALSE,play,72,paper,1,2,0
FALSE,play,73,computers,1,3,0
FALSE,play,74,gunes,1,2,0
FALSE,play,75,kitchen,1,3,0
FALSE,play,76,blender,1,3,0
FALSE,play,77,clock,1,1,0
FALSE,play,78,computer,1,2,0
FALSE,play,79,clothing,1,1,0
FALSE,play,80,repairtools,1,1,0
FALSE,play,81,jewelry,1,2,0
FALSE,play,82,bathtub,1,3,0
FALSE,restaurant,0,fries,14,2.571428571,0.513552591
FALSE,restaurant,1,burgers,11,1.545454545,0.820199532
FALSE,restaurant,2,chicken,8,1.875,0.991031209
FALSE,restaurant,3,soda,8,1.5,0.755928946
FALSE,restaurant,4,steak,7,2.142857143,1.069044968
FALSE,restaurant,5,pizza,7,1.571428571,0.786795792
FALSE,restaurant,6,salad,6,2,0.632455532
FALSE,restaurant,7,salads,5,2,0.707106781
FALSE,restaurant,8,water,5,1.8,0.836660027
FALSE,restaurant,9,wings,4,1.5,1
FALSE,restaurant,10,pasta,3,2.333333333,0.577350269
FALSE,restaurant,11,tea,3,2.333333333,0.577350269
FALSE,restaurant,12,dessert,3,1.666666667,1.154700538
FALSE,restaurant,13,hamburgers,3,1.333333333,0.577350269
FALSE,restaurant,14,taco,2,2.5,0.707106781
FALSE,restaurant,15,lobster,2,2,1.414213562
FALSE,restaurant,16,appetizers,2,1.5,0.707106781
FALSE,restaurant,17,sandwich,2,3,0
FALSE,restaurant,18,soup,2,1.5,0.707106781
FALSE,restaurant,19,tacos,2,2.5,0.707106781
FALSE,restaurant,20,sandwiches,2,1.5,0.707106781
FALSE,restaurant,21,coffee,2,3,0
FALSE,restaurant,22,spaghetti,1,3,0
FALSE,restaurant,23,food,1,3,0
FALSE,restaurant,24,pancakes,1,3,0
FALSE,restaurant,25,eggs,1,3,0
FALSE,restaurant,26,fajitas,1,3,0
FALSE,restaurant,27,pineapple,1,2,0
FALSE,restaurant,28,fish,1,2,0
FALSE,restaurant,29,cheesesticks,1,1,0
FALSE,restaurant,30,icecream,1,2,0
FALSE,restaurant,31,rootbeer,1,3,0
FALSE,restaurant,32,coke,1,1,0
FALSE,restaurant,33,breadsticks,1,3,0
FALSE,restaurant,34,bruschetta,1,2,0
FALSE,restaurant,35,onionrings,1,3,0
FALSE,restaurant,36,hamburger,1,2,0
FALSE,restaurant,37,bread,1,1,0
FALSE,restaurant,38,enchiladas,1,2,0
FALSE,restaurant,39,hotdog,1,3,0
FALSE,restaurant,40,sushi,1,1,0
FALSE,restaurant,41,beef,1,2,0
FALSE,restaurant,42,soups,1,2,0
FALSE,restaurant,43,milk,1,3,0
FALSE,restaurant,44,friedchicken,1,2,0
FALSE,restaurant,45,chickentenders,1,2,0
FALSE,restaurant,46,steaks,1,3,0
FALSE,restaurant,47,non-alcoholicbeverages,1,1,0
FALSE,restaurant,48,tenders,1,2,0
FALSE,restaurant,49,mozzarellasticks,1,2,0
FALSE,restaurant,50,ahituna,1,1,0
FALSE,restaurant,51,burger,1,1,0
FALSE,restaurant,52,ribs,1,2,0
FALSE,restaurant,53,applesauce,1,1,0
TRUE,bakery,0,cake,28,1.678571429,0.772373515
TRUE,bakery,1,cookies,16,2.125,0.718795288
TRUE,bakery,2,donuts,14,1.714285714,0.825420306
TRUE,bakery,3,cupcakes,11,1.909090909,0.943879807
TRUE,bakery,4,pie,11,2.363636364,0.809039835
TRUE,bakery,5,brownies,9,2.555555556,0.726483157
TRUE,bakery,6,cheesecake,5,1.6,0.894427191
TRUE,bakery,7,muffins,5,1.8,0.836660027
TRUE,bakery,8,icecream,3,1.666666667,1.154700538
TRUE,bakery,9,tarts,3,2,1
TRUE,bakery,10,cakes,3,2,1
TRUE,bakery,11,danish,2,2.5,0.707106781
TRUE,bakery,12,pretzels,2,3,0
TRUE,bakery,13,eclairs,2,2,1.414213562
TRUE,bakery,14,fruit,2,2,1.414213562
TRUE,bakery,15,petitfours,1,1,0
TRUE,bakery,16,popsicles,1,2,0
TRUE,bakery,17,applefritters,1,2,0
TRUE,bakery,18,doughnut,1,2,0
TRUE,bakery,19,truffles,1,2,0
TRUE,bakery,20,pies,1,3,0
TRUE,bakery,21,cream,1,2,0
TRUE,bakery,22,puffpastrys,1,2,0
TRUE,bakery,23,cookiedough,1,3,0
TRUE,bakery,24,pudding,1,2,0
TRUE,bakery,25,scones,1,3,0
TRUE,bakery,26,pastries,1,2,0
TRUE,bakery,27,sweetbread,1,1,0
TRUE,bakery,28,smores,1,2,0
TRUE,bakery,29,swissrolls,1,2,0
TRUE,bakery,30,bearclaws,1,3,0
TRUE,bakery,31,macarons,1,1,0
TRUE,bakery,32,cinnamonbun,1,1,0
TRUE,bakery,33,longjohns,1,3,0
TRUE,bakery,34,cinnamonrolls,1,3,0
TRUE,bakery,35,bagels,1,2,0
TRUE,closet,0,swimsuit,34,1.441176471,0.704581392
TRUE,closet,1,shorts,27,1.962962963,0.807726224
TRUE,closet,2,coverup,6,2.166666667,0.752772653
TRUE,closet,3,tshirt,4,2.75,0.5
TRUE,closet,4,tanktop,4,1.75,0.5
TRUE,closet,5,sandals,4,2.5,1
TRUE,closet,6,dress,3,2,1
TRUE,closet,7,shirt,3,1.666666667,0.577350269
TRUE,closet,8,sunglasses,2,2,1.414213562
TRUE,closet,9,tanktops,2,2.5,0.707106781
TRUE,closet,10,t-shirt,2,2.5,0.707106781
TRUE,closet,11,swimsuits,2,2,0
TRUE,closet,12,pants,2,3,0
TRUE,closet,13,bikini,2,1,0
TRUE,closet,14,t-shirts,2,1,0
TRUE,closet,15,bathingsuit,2,3,0
TRUE,closet,16,sarong,2,2,1.414213562
TRUE,closet,17,somethingyoucanborrow,1,3,0
TRUE,closet,18,robe,1,3,0
TRUE,closet,19,short,1,3,0
TRUE,closet,20,maxidress,1,3,0
TRUE,closet,21,towel,1,3,0
TRUE,closet,22,bathingcostume,1,3,0
TRUE,closet,23,swimtui,1,1,0
TRUE,closet,24,skirts,1,2,0
TRUE,closet,25,shoes,1,2,0
TRUE,closet,26,hat,1,2,0
TRUE,closet,27,miniskirts,1,2,0
TRUE,closet,28,wrap,1,2,0
TRUE,closet,29,clothes,1,1,0
TRUE,closet,30,tshirts,1,2,0
TRUE,closet,31,skirt,1,3,0
TRUE,closet,32,suit,1,3,0
TRUE,closet,33,cover-up,1,3,0
TRUE,closet,34,extraclothes,1,1,0
TRUE,closet,35,swingingcustom,1,1,0
TRUE,closet,36,shirts,1,3,0
TRUE,closet,37,tankini,1,2,0
TRUE,closet,38,bathingcap,1,2,0
TRUE,closet,39,sunscreen,1,3,0
TRUE,corner,0,lettuce,36,1.277777778,0.659485129
TRUE,corner,1,tomatoes,18,2.111111111,0.676399542
TRUE,corner,2,carrots,8,2.125,0.83452296
TRUE,corner,3,tomato,8,2,0.534522484
TRUE,corner,4,onions,6,2.833333333,0.40824829
TRUE,corner,5,spinach,5,2.2,0.447213595
TRUE,corner,6,cucumber,5,2.4,0.894427191
TRUE,corner,7,croutons,4,2.75,0.5
TRUE,corner,8,saladdressing,3,2.333333333,1.154700538
TRUE,corner,9,dressing,3,2.666666667,0.577350269
TRUE,corner,10,kale,3,2.666666667,0.577350269
TRUE,corner,11,cucumbers,3,2.666666667,0.577350269
TRUE,corner,12,tomatos,2,2,1.414213562
TRUE,corner,13,fruitsalad,2,2,1.414213562
TRUE,corner,14,olives,2,3,0
TRUE,corner,15,cabbage,2,2.5,0.707106781
TRUE,corner,16,chickensalad,2,2,0
TRUE,corner,17,onion,1,3,0
TRUE,corner,18,ranch,1,1,0
TRUE,corner,19,bluecheese,1,3,0
TRUE,corner,20,italiansaladdressing,1,2,0
TRUE,corner,21,carrot,1,2,0
TRUE,corner,22,cherrytomatoes,1,3,0
TRUE,corner,23,cukes,1,2,0
TRUE,corner,24,baggedsalads,1,2,0
TRUE,corner,25,ceasorsalad,1,3,0
TRUE,corner,26,peppers,1,2,0
TRUE,corner,27,romaine,1,2,0
TRUE,corner,28,iceberg,1,1,0
TRUE,corner,29,walnuts,1,1,0
TRUE,corner,30,ranchdressing,1,3,0
TRUE,corner,31,lettice,1,1,0
TRUE,corner,32,vegetables,1,3,0
TRUE,corner,33,radishes,1,2,0
TRUE,corner,34,eggs,1,3,0
TRUE,corner,35,arugula,1,3,0
TRUE,corner,36,avocados,1,2,0
TRUE,corner,37,cheese,1,2,0
TRUE,corner,38,baconbits,1,2,0
TRUE,corner,39,chefsalad,1,1,0
TRUE,corner,40,tunasalad,1,3,0
TRUE,corner,41,thousandisland,1,2,0
TRUE,corner,42,greeksalad,1,2,0
TRUE,corner,43,turkeysalad,1,1,0
TRUE,corner,44,saladgreens,1,1,0
TRUE,fitness,0,football,26,2.038461538,0.823687768
TRUE,fitness,1,soccer,21,1.666666667,0.730296743
TRUE,fitness,2,baseball,18,2.166666667,0.785905248
TRUE,fitness,3,basketball,15,1.733333333,0.798808637
TRUE,fitness,4,tennis,13,2.538461538,0.776250026
TRUE,fitness,5,volleyball,4,1.5,0.577350269
TRUE,fitness,6,racquetball,4,1.5,0.577350269
TRUE,fitness,7,hockey,4,2,0.816496581
TRUE,fitness,8,rugby,3,1.666666667,1.154700538
TRUE,fitness,9,softball,3,2.333333333,1.154700538
TRUE,fitness,10,dodgeball,3,2,1
TRUE,fitness,11,swimming,2,1,0
TRUE,fitness,12,track,2,2,0
TRUE,fitness,13,pickleball,2,2,0
TRUE,fitness,14,lacrosse,2,3,0
TRUE,fitness,15,yoga,2,2.5,0.707106781
TRUE,fitness,16,kickball,1,3,0
TRUE,fitness,17,lacross,1,3,0
TRUE,fitness,18,spin,1,3,0
TRUE,fitness,19,tabletennis,1,2,0
TRUE,fitness,20,polo,1,1,0
TRUE,fitness,21,lacrose,1,1,0
TRUE,fitness,22,bodybuilding,1,3,0
TRUE,fitness,23,frisbee,1,2,0
TRUE,fitness,24,jaialai,1,1,0
TRUE,fitness,25,bowling,1,3,0
TRUE,fitness,26,tagging,1,3,0
TRUE,fitness,27,zumba,1,1,0
TRUE,fitness,28,aerobics,1,2,0
TRUE,fitness,29,golf,1,3,0
TRUE,fitness,30,biking,1,1,0
TRUE,fitness,31,handball,1,2,0
TRUE,fitness,32,badminton,1,3,0
TRUE,fridge,0,water,34,1.323529412,0.638207159
TRUE,fridge,1,soda,29,2.103448276,0.772048647
TRUE,fridge,2,juice,17,2.352941176,0.70188821
TRUE,fridge,3,milk,15,1.866666667,0.743223353
TRUE,fridge,4,beer,9,2.111111111,0.927960727
TRUE,fridge,5,tea,6,2.833333333,0.40824829
TRUE,fridge,6,lemonade,5,2.6,0.547722558
TRUE,fridge,7,sportsdrink,4,2.25,0.957427108
TRUE,fridge,8,seltzer,3,2,1
TRUE,fridge,9,wine,3,2.333333333,0.577350269
TRUE,fridge,10,kool-aid,1,2,0
TRUE,fridge,11,rootbeer,1,1,0
TRUE,fridge,12,sodas,1,2,0
TRUE,fridge,13,icedtea,1,2,0
TRUE,garage,0,baseball,29,1.931034483,0.79870585
TRUE,garage,1,football,27,1.555555556,0.751067616
TRUE,garage,2,frisbee,25,2.04,0.789514619
TRUE,garage,3,basketball,14,1.928571429,0.82874193
TRUE,garage,4,softball,7,2.714285714,0.487950036
TRUE,garage,5,soccerball,6,2.5,0.836660027
TRUE,garage,6,tennisball,4,2.5,0.577350269
TRUE,garage,7,boomerang,3,2.666666667,0.577350269
TRUE,garage,8,ball,3,1.333333333,0.577350269
TRUE,garage,9,hackysack,2,2.5,0.707106781
TRUE,garage,10,horseshoes,2,1,0
TRUE,garage,11,baseballs,2,2,1.414213562
TRUE,garage,12,beanbag,1,3,0
TRUE,garage,13,hulahoop,1,3,0
TRUE,garage,14,kite,1,3,0
TRUE,garage,15,stick,1,3,0
TRUE,garage,16,rubberball,1,3,0
TRUE,garage,17,whiffleball,1,2,0
TRUE,garage,18,cornhole,1,2,0
TRUE,garage,19,beanbags,1,3,0
TRUE,garage,20,basketballs,1,2,0
TRUE,garage,21,teatherball,1,2,0
TRUE,garage,22,volleyball,1,2,0
TRUE,garage,23,wiffleball,1,3,0
TRUE,garage,24,ballbearings,1,1,0
TRUE,garage,25,rocks,1,3,0
TRUE,garage,26,dodgeball,1,1,0
TRUE,garage,27,bouncyball,1,2,0
TRUE,garage,28,tire,1,1,0
TRUE,handbag,0,pen,43,1.279069767,0.503586253
TRUE,handbag,1,pencil,40,1.825,0.549475274
TRUE,handbag,2,marker,11,2.909090909,0.301511345
TRUE,handbag,3,crayon,9,3,0
TRUE,handbag,4,eyeliner,4,2.75,0.5
TRUE,handbag,5,lipstick,4,2.5,1
TRUE,handbag,6,highlighter,3,2.333333333,1.154700538
TRUE,handbag,7,phone,3,2.333333333,1.154700538
TRUE,handbag,8,chalk,2,3,0
TRUE,handbag,9,pencils,2,1.5,0.707106781
TRUE,handbag,10,notepad,2,2.5,0.707106781
TRUE,handbag,11,paper,2,2,0
TRUE,handbag,12,pens,2,1.5,0.707106781
TRUE,handbag,13,nailpolish,2,3,0
TRUE,handbag,14,tablet,1,3,0
TRUE,handbag,15,sharpie,1,3,0
TRUE,handbag,16,markers,1,3,0
TRUE,handbag,17,indexcard,1,3,0
TRUE,handbag,18,businesscard,1,2,0
TRUE,handbag,19,paintbrush,1,3,0
TRUE,handbag,20,receipt,1,3,0
TRUE,library,0,biology,24,1.666666667,0.761386988
TRUE,library,1,chemistry,20,2.15,0.74515982
TRUE,library,2,physics,14,2.214285714,0.892582375
TRUE,library,3,astronomy,10,1.7,0.674948558
TRUE,library,4,geology,6,2,0.894427191
TRUE,library,5,anatomy,5,2.6,0.894427191
TRUE,library,6,psychology,3,1.666666667,1.154700538
TRUE,library,7,space,3,2,0
TRUE,library,8,sciencemagazines,2,2.5,0.707106781
TRUE,library,9,nature,2,1,0
TRUE,library,10,earthscience,2,2.5,0.707106781
TRUE,library,11,zoology,2,2,1.414213562
TRUE,library,12,lotsofsciencebooks,1,1,0
TRUE,library,13,plantbiology,1,3,0
TRUE,library,14,encyclopedia,1,1,0
TRUE,library,15,moonscience,1,1,0
TRUE,library,16,reptiles,1,3,0
TRUE,library,17,math,1,2,0
TRUE,library,18,physicalscience,1,3,0
TRUE,library,19,botany,1,2,0
TRUE,library,20,displaysofmoonrocks,1,3,0
TRUE,library,21,astrophysics,1,2,0
TRUE,library,22,animals,1,3,0
TRUE,library,23,geography,1,2,0
TRUE,library,24,biochemistry,1,2,0
TRUE,library,25,ecology,1,3,0
TRUE,library,26,books,1,1,0
TRUE,library,27,seacreatures,1,1,0
TRUE,library,28,environmentalscience,1,1,0
TRUE,library,29,archaeology,1,3,0
TRUE,library,30,sciencedigest,1,2,0
TRUE,library,31,textbooks,1,3,0
TRUE,library,32,naturalscience,1,3,0
TRUE,library,33,nightscience,1,3,0
TRUE,library,34,meteorolgy,1,1,0
TRUE,library,35,encyclopedias,1,1,0
TRUE,library,36,magazines,1,3,0
TRUE,library,37,articles,1,2,0
TRUE,library,38,weatherbooks,1,2,0
TRUE,library,39,basicscience,1,3,0
TRUE,library,40,weather,1,3,0
TRUE,library,41,sciencehistory,1,1,0
TRUE,library,42,howtobescientist,1,2,0
TRUE,library,43,health,1,2,0
TRUE,library,44,physic,1,3,0
TRUE,library,45,videosaboutscience,1,2,0
TRUE,library,46,spaceandearth,1,3,0
TRUE,library,47,themitochondriaandyou,1,3,0
TRUE,library,48,plentyofoptions,1,2,0
TRUE,library,49,themadsciencebook,1,3,0
TRUE,library,50,astrology,1,1,0
TRUE,library,51,animalbooks,1,1,0
TRUE,library,52,medicine,1,3,0
TRUE,library,53,robots,1,2,0
TRUE,library,54,science101,1,1,0
TRUE,library,55,sciencefordummies,1,2,0
TRUE,library,56,evolution,1,1,0
TRUE,library,57,scienceset,1,1,0
TRUE,library,58,history,1,1,0
TRUE,library,59,volcanoes,1,2,0
TRUE,mall,0,burgers,15,1.666666667,0.723746864
TRUE,mall,1,chinese,14,1.928571429,0.82874193
TRUE,mall,2,pizza,13,1.615384615,0.767947648
TRUE,mall,3,burger,10,2.1,0.875595036
TRUE,mall,4,subway,8,1.625,0.51754917
TRUE,mall,5,hotdogs,6,2.333333333,0.816496581
TRUE,mall,6,mexican,6,2.166666667,0.98319208
TRUE,mall,7,sandwiches,4,1.75,0.957427108
TRUE,mall,8,mexicans,3,2,1
TRUE,mall,9,soup,2,2.5,0.707106781
TRUE,mall,10,burgerking,2,3,0
TRUE,mall,11,subs,2,2,0
TRUE,mall,12,panerabread,2,3,0
TRUE,mall,13,cafe,2,2,1.414213562
TRUE,mall,14,chickfila,2,2,1.414213562
TRUE,mall,15,dairyqueen,2,2.5,0.707106781
TRUE,mall,16,indian,2,2.5,0.707106781
TRUE,mall,17,asian,2,1.5,0.707106781
TRUE,mall,18,court,2,1.5,0.707106781
TRUE,mall,19,hotdogonastick,2,1.5,0.707106781
TRUE,mall,20,frenchfries,1,3,0
TRUE,mall,21,chick-fil-a,1,1,0
TRUE,mall,22,italian,1,3,0
TRUE,mall,23,pretzels,1,3,0
TRUE,mall,24,sushi,1,3,0
TRUE,mall,25,s-barropizza,1,2,0
TRUE,mall,26,american,1,1,0
TRUE,mall,27,pulledpork,1,3,0
TRUE,mall,28,italiancuisine,1,3,0
TRUE,mall,29,salads,1,3,0
TRUE,mall,30,dunkin'donuts,1,1,0
TRUE,mall,31,hotsdogs,1,1,0
TRUE,mall,32,chicken,1,1,0
TRUE,mall,33,shrimp,1,3,0
TRUE,mall,34,korean,1,2,0
TRUE,mall,35,sabarro,1,2,0
TRUE,mall,36,cheeseburger,1,1,0
TRUE,mall,37,sandwich,1,3,0
TRUE,mall,38,papagino's,1,2,0
TRUE,mall,39,tai,1,3,0
TRUE,mall,40,dunkindonuts,1,2,0
TRUE,mall,41,hotdogcart,1,3,0
TRUE,mall,42,restaurant,1,2,0
TRUE,mall,43,restaraunts,1,2,0
TRUE,mall,44,fish,1,2,0
TRUE,mall,45,cheesecakefactory,1,3,0
TRUE,mall,46,chickenstrips,1,3,0
TRUE,mall,47,kfc,1,3,0
TRUE,mall,48,pork,1,3,0
TRUE,mall,49,wendys,1,1,0
TRUE,mall,50,foodcourt,1,1,0
TRUE,mall,51,beefsteak,1,1,0
TRUE,mall,52,cheeseburgers,1,2,0
TRUE,mall,53,icecream,1,3,0
TRUE,mall,54,sakura,1,3,0
TRUE,mall,55,chikfila,1,3,0
TRUE,mall,56,arby's,1,2,0
TRUE,mall,57,pretzelstand,1,1,0
TRUE,mall,58,fries,1,2,0
TRUE,mall,59,wendy's,1,1,0
TRUE,play,0,videogames,10,1.9,0.994428926
TRUE,play,1,legos,10,1.9,0.994428926
TRUE,play,2,blocks,7,1.571428571,0.786795792
TRUE,play,3,boardgames,7,2.142857143,0.690065559
TRUE,play,4,actionfigures,6,2,0.632455532
TRUE,play,5,ball,6,1.5,0.836660027
TRUE,play,6,balls,6,1.666666667,0.816496581
TRUE,play,7,dolls,4,2.5,0.577350269
TRUE,play,8,puzzles,3,2,1
TRUE,play,9,checkers,3,2.333333333,0.577350269
TRUE,play,10,playstation,3,2.333333333,0.577350269
TRUE,play,11,trains,3,1.666666667,0.577350269
TRUE,play,12,toycars,3,2,1
TRUE,play,13,xbox,3,1,0
TRUE,play,14,soccerball,3,2.666666667,0.577350269
TRUE,play,15,coloringbooks,2,3,0
TRUE,play,16,doll,2,2.5,0.707106781
TRUE,play,17,cards,2,1,0
TRUE,play,18,football,2,1.5,0.707106781
TRUE,play,19,puzzle,2,2,1.414213562
TRUE,play,20,trucks,2,1.5,0.707106781
TRUE,play,21,buildingblocks,2,2,1.414213562
TRUE,play,22,cars,2,3,0
TRUE,play,23,videogame,2,2,0
TRUE,play,24,books,1,2,0
TRUE,play,25,wii,1,2,0
TRUE,play,26,tinkertoys,1,2,0
TRUE,play,27,pokemoncards,1,3,0
TRUE,play,28,winduptoy,1,2,0
TRUE,play,29,trampoline,1,2,0
TRUE,play,30,toylawnmower,1,2,0
TRUE,play,31,hotwheels,1,2,0
TRUE,play,32,toytruck,1,1,0
TRUE,play,33,candyland,1,3,0
TRUE,play,34,traintoys,1,2,0
TRUE,play,35,footballs,1,2,0
TRUE,play,36,toytrucks,1,1,0
TRUE,play,37,frisbee,1,2,0
TRUE,play,38,transformersactionfigures,1,2,0
TRUE,play,39,toydinosaur,1,3,0
TRUE,play,40,toys,1,3,0
TRUE,play,41,ipod,1,3,0
TRUE,play,42,stuffedtoys,1,3,0
TRUE,play,43,firetruck,1,1,0
TRUE,play,44,barbiedolls,1,3,0
TRUE,play,45,baseballs,1,1,0
TRUE,play,46,boardgame,1,1,0
TRUE,play,47,book,1,3,0
TRUE,play,48,kites,1,1,0
TRUE,play,49,toygiraffe,1,1,0
TRUE,play,50,toy,1,2,0
TRUE,play,51,dolly,1,1,0
TRUE,play,52,jumprope,1,2,0
TRUE,play,53,chess,1,1,0
TRUE,play,54,cardgames,1,3,0
TRUE,play,55,racecar,1,3,0
TRUE,play,56,stuffedanimal,1,3,0
TRUE,play,57,tablet,1,3,0
TRUE,play,58,paints,1,1,0
TRUE,play,59,monopoly,1,3,0
TRUE,play,60,dominoes,1,1,0
TRUE,play,61,sportsequipment,1,2,0
TRUE,play,62,baseballandbat,1,3,0
TRUE,play,63,barbiedoll,1,2,0
TRUE,play,64,soccerballs,1,3,0
TRUE,play,65,games,1,3,0
TRUE,play,66,stuffedanimals,1,2,0
TRUE,play,67,baseball,1,1,0
TRUE,play,68,lincolnlogs,1,3,0
TRUE,play,69,drawingpad,1,3,0
TRUE,restaurant,0,beer,32,1.6875,0.820601668
TRUE,restaurant,1,wine,19,2.105263158,0.657836255
TRUE,restaurant,2,cocktails,17,1.647058824,0.861769725
TRUE,restaurant,3,soda,8,1.25,0.46291005
TRUE,restaurant,4,vodka,7,2.428571429,0.786795792
TRUE,restaurant,5,water,7,1.857142857,0.690065559
TRUE,restaurant,6,whiskey,6,2.333333333,1.032795559
TRUE,restaurant,7,tequila,5,2.4,0.894427191
TRUE,restaurant,8,coke,2,2.5,0.707106781
TRUE,restaurant,9,margaritas,2,1.5,0.707106781
TRUE,restaurant,10,gin,2,2,1.414213562
TRUE,restaurant,11,orangesoda,1,3,0
TRUE,restaurant,12,sodas,1,3,0
TRUE,restaurant,13,lemonade,1,3,0
TRUE,restaurant,14,rum,1,2,0
TRUE,restaurant,15,tea,1,3,0
TRUE,restaurant,16,juice,1,1,0
TRUE,restaurant,17,chocolatemilk,1,3,0
TRUE,restaurant,18,liquour,1,3,0
TRUE,restaurant,19,coffee,1,3,0
TRUE,restaurant,20,shots,1,3,0
TRUE,restaurant,21,whisky,1,3,0
TRUE,restaurant,22,hardseltzer,1,3,0
TRUE,restaurant,23,cider,1,2,0
TRUE,restaurant,24,dietcoke,1,2,0
TRUE,restaurant,25,milk,1,2,0
TRUE,restaurant,26,icedtea,1,1,0