fridge_pos,fridge_neg,handbag_pos,handbag_neg,mall_pos,mall_neg,bakery_pos,bakery_neg,play_pos,play_neg,corner_pos,corner_neg,restaurant_pos,restaurant_neg,fitness_pos,fitness_neg,library_pos,library_neg,garage_pos,garage_neg,closet_pos,closet_neg
"('water', 48)","('meat', 33)","('pen', 47)","('wallet', 32)","('pizza', 29)","('clothing', 37)","('cake', 40)","('bread', 39)","('video games', 19)","('table', 16)","('lettuce', 39)","('chips', 19)","('beer', 42)","('fries', 17)","('soccer', 35)","('yoga', 33)","('chemistry', 33)","('history', 28)","('football', 42)","('car', 38)","('swimsuit', 40)","('shoes', 20)"
"('juice', 42)","('condiments', 24)","('pencil', 47)","('phone', 21)","('chinese', 27)","('electronics', 23)","('cookies', 35)","('coffee', 14)","('legos', 15)","('couch', 16)","('tomatoes', 24)","('bread', 19)","('wine', 39)","('salad', 15)","('football', 33)","('weights', 23)","('physics', 31)","('english', 25)","('frisbee', 39)","('tools', 19)","('shorts', 36)","('pants', 18)"
"('soda', 41)","('cheese', 23)","('marker', 32)","('keys', 20)","('burgers', 20)","('jewls', 20)","('donuts', 24)","('notsure', 14)","('board games', 11)","('books', 15)","('onions', 16)","('milk', 18)","('cocktails', 32)","('burgers', 14)","('baseball', 33)","('swimming', 18)","('biology', 30)","('math', 21)","('baseball', 38)","('lawn mower', 14)","('sandals', 15)","('jeans', 15)"
"('milk', 29)","('eggs', 22)","('crayon', 29)","('money', 19)","('burger', 16)","('shoes', 18)","('pie', 23)","('bagels', 14)","('blocks', 9)","('tv', 15)","('carrots', 15)","('soda', 16)","('vodka', 16)","('chicken', 13)","('basketball', 32)","('spin', 14)","('astronomy', 17)","('art', 18)","('basketball', 20)","('gardening tools', 13)","('hat', 12)","('coat', 14)"
"('beer', 25)","('vegetables', 21)","('highlighter', 13)","('lipstick', 18)","('mexican', 12)","('department', 11)","('cupcakes', 20)","('biscuits', 8)","('action figures', 8)","('chair', 7)","('dressing', 13)","('cigarettes', 14)","('whiskey', 15)","('steak', 12)","('volleyball', 19)","('notsure', 10)","('geology', 14)","('music', 11)","('soccer ball', 16)","('lawnmower', 11)","('tank top', 9)","('boots', 13)"
"('tea', 20)","('salad', 13)","('lipstick', 10)","('tissues', 11)","('subway', 12)","('toys', 10)","('brownies', 14)","('sandwiches', 8)","('ball', 8)","('refrigerator', 6)","('croutons', 12)","('candy', 13)","('soda', 14)","('pizza', 10)","('tennis', 17)","('aerobics', 10)","('notsure', 9)","('social studies', 7)","('tennis ball', 15)","('hand tools', 10)","('dress', 8)","('suit', 12)"
"('lemonade', 13)","('butter', 12)","('phone', 7)","('makeup', 10)","('hot dogs', 9)","('video games', 10)","('muffins', 11)","('water', 7)","('puzzles', 7)","('stove', 6)","('cucumbers', 10)","('beer', 12)","('tequila', 11)","('soda', 9)","('hockey', 11)","('running', 9)","('psychology', 7)","('philosophy', 7)","('softball', 12)","('bike', 10)","('notsure', 8)","('jacket', 9)"
"('wine', 11)","('fruits', 11)","('eyeliner', 7)","('mirror', 9)","('sandwiches', 8)","('sports', 8)","('ice cream', 9)","('croissants', 7)","('balls', 6)","('furniture', 6)","('tomato', 10)","('water', 6)","('water', 9)","('pasta', 9)","('lacrosse', 10)","('meditation', 9)","('earth science', 7)","('psychology', 6)","('notsure', 11)","('bicycle', 9)","('pants', 7)","('coats', 8)"
"('coffee', 8)","('leftovers', 10)","('sharpie', 6)","('chapstick', 7)","('chicken', 6)","('perfume', 6)","('cheesecake', 8)","('pizza', 7)","('toys', 5)","('oven', 5)","('cheese', 8)","('chicken', 6)","('rum', 8)","('water', 8)","('rugby', 8)","('zumba', 9)","('anatomy', 7)","('algebra', 6)","('hacky sack', 9)","('gas', 8)","('coverup', 7)","('sweater', 8)"
"('sports drink', 6)","('bread', 10)","('notepad', 6)","('gum', 5)","('italian', 6)","('theater', 6)","('tarts', 7)","('rolls', 7)","('coloring books', 5)","('food', 5)","('olives', 8)","('eggs', 5)","('gin', 6)","('wings', 7)","('softball', 7)","('pilates', 7)","('zoology', 7)","('economics', 6)","('volleyball', 6)","('boxes', 7)","('t-shirt', 6)","('hangers', 8)"
"('seltzer', 6)","('fruit', 9)","('voice recorder', 6)","('mints', 5)","('mexicans', 5)","('salon', 5)","('pastries', 6)","('tea', 6)","('soccer ball', 5)","('bed', 5)","('salad dressing', 6)","('liquor', 5)","('juice', 4)","('salads', 7)","('track', 7)","('dance', 6)","('botany', 6)","('mathematics', 5)","('ball', 6)","('workout gear', 7)","('tshirt', 5)","('scarf', 6)"
"('ice cream', 2)","('yogurt', 9)","('chalk', 5)","('glasses', 5)","('cafe', 5)","('music', 5)","('scones', 5)","('muffins', 6)","('puzzle', 5)","('chairs', 5)","('celery', 6)","('steak', 4)","('coke', 4)","('sandwiches', 7)","('swimming', 6)","('tennis', 6)","('medicine', 3)","('spanish', 5)","('boomerang', 5)","('motorcycle', 7)","('shirt', 5)","('ties', 6)"
"('kool-aid', 1)","('pickles', 6)","('notsure', 5)","('water', 4)","('sushi', 5)","('shoe', 4)","('eclairs', 5)","('pretzels', 6)","('notsure', 5)","('television', 5)","('spinach', 6)","('meat', 4)","('whisky', 3)","('fish', 6)","('racquetball', 6)","('karate', 6)","('space', 3)","('health', 5)","('horseshoes', 5)","('paint', 6)","('sunglasses', 5)","('gloves', 6)"
"('whiskey', 1)","('pizza', 4)","('pens', 3)","('comb', 4)","('pretzels', 4)","('stuffed animals', 4)","('cakes', 5)","('sandwich', 4)","('cards', 5)","('mop', 4)","('onion', 6)","('beef jerky', 3)","('tea', 3)","('dessert', 5)","('weights', 5)","('personal training', 5)","('engineering', 3)","('sociology', 5)","('beach ball', 5)","('tires', 6)","('speedo', 4)","('sweatpants', 5)"
"('sod', 1)","('pasta', 4)","('ink', 3)","('id', 4)","('french fries', 3)","('books', 4)","('pudding', 4)","('crackers', 4)","('dolls', 5)","('knives', 4)","('cucumber', 5)","('crackers', 3)","('coffee', 3)","('tea', 5)","('dodgeball', 5)","('golf', 4)","('astrology', 3)","('cooking', 5)","('soccerball', 3)","('sports gear', 5)","('sarong', 4)","('shirt', 5)"
"('juice ', 1)","('salad dressing', 4)","('paper', 3)","('chap stick', 3)","('sandwich', 3)","('appliances', 4)","('pies', 4)","('soda', 4)","('books', 5)","('clothes', 3)","('carrot', 4)","('alcohol', 3)","('shots', 2)","('hamburgers', 5)","('notsure', 5)","('treadmill', 4)","('physical science', 2)","('geometry', 4)","('kickball', 3)","('hose', 5)","('bikini', 4)","('hats', 5)"
"('mint water', 1)","('left overs', 3)","('pencils', 2)","('make up', 3)","('indian', 3)","('furniture', 4)","('fruit', 3)","('flatbread', 4)","('xbox', 4)","('lamp', 3)","('kale', 4)","('ice cream', 3)","('brandy', 2)","('juice', 5)","('polo', 4)","('exercise classes', 4)","('science magazines', 2)","('literature', 4)","('golf ball', 3)","('skateboard', 4)","('underwear', 3)","('shirts', 4)"
"('smoothie', 1)","('milk', 3)","('markers', 2)","('medicine', 3)","('pasta', 3)","('bathroom', 4)","('cinnamon rolls', 3)","('fruit', 3)","('crayons', 4)","('art', 3)","('cabbage', 4)","('pretzels', 3)","('hard seltzer', 2)","('ice cream', 5)","('flag football', 3)","('boxing', 4)","('encyclopedia', 2)","('architecture', 3)","('baseballs', 2)","('auto gear', 4)","('wet suit', 3)","('socks', 4)"
"('limeade', 1)","('jelly', 3)","('quill', 2)","('hand sanitizer', 3)","('subs', 2)","('makeup', 4)","('fudge', 2)","('vegetables', 3)","('football', 4)","('shelves', 3)","('chicken salad', 3)","('hot dogs', 3)","('wine coolers', 2)","('tacos', 4)","('wrestling', 3)","('cardio', 3)","('nature', 2)","('accounting', 3)","('footballs', 2)","('gardening supplies', 3)","('robe', 3)","('toys', 3)"
"('sports drinks', 1)","('pie', 2)","('nail polish', 2)","('books', 3)","('ice cream', 2)","('book', 3)","('chocolate', 2)","('scones', 3)","('trucks', 4)","('paintings', 3)","('broccoli', 3)","('donuts', 3)","('lemonade', 2)","('appetizers', 4)","('running', 3)","('stretching', 3)","('ecology', 2)","('computer programming', 3)","('medicine ball', 2)","('toolbox', 3)","('jeans', 3)","('storage', 3)"
"('coke', 1)","('steak', 2)","('charcoal', 2)","('lip stick', 3)","('asian', 2)","('glasses', 3)","('truffles', 2)","('bagel', 3)","('toy cars', 4)","('microwave', 3)","('crutons', 3)","('coffee', 3)","('iced tea', 2)","('bread', 4)","('yoga', 3)","('fencing', 3)","('books', 2)","('crafts', 3)","('basket ball', 2)","('broom', 3)","('swimsuits', 3)","('belt', 3)"
"('iced tea', 1)","('juice', 2)","('lip stick', 2)","('perfume', 3)","('chick fil a', 2)","('arcade', 2)","('candy', 2)","('biscuit', 3)","('cars', 4)","('dishwasher', 3)","('peppers', 3)","('jerky', 3)","('scotch', 2)","('soup', 4)","('golf', 3)","('weight lifting', 3)","('encyclopedias', 2)","('creative writing', 3)","('stick', 2)","('freezer', 3)","('towel', 3)","('dress', 3)"
"('sodas', 1)","('sour cream', 2)","('tablet', 2)","('tissue', 3)","(""auntie anne's"", 2)","('luggage', 2)","('notsure', 2)","('meat', 2)","('stuffed animals', 3)","('toilet', 2)","('arugula', 3)","('drinks', 3)","('bourbon', 2)","('sandwich', 3)","('ultimate frisbee', 3)","('jogging', 3)","('sociology', 2)","('religion', 3)","('dodge ball', 2)","('chairs', 2)","('towels', 2)","('dress shirt', 3)"
"('slurpee', 1)","('rice', 2)","('eye liner', 2)","('headphones', 3)","('spaghetti', 2)","('repair', 2)","('apple fritters', 2)","('chips', 2)","('ipad', 3)","('paper', 2)","('ranch', 2)","('energy drinks', 3)","('milk', 2)","('coffee', 3)","('badminton', 3)","('strength training', 3)","('mechanics', 2)","('french', 3)","('rubber ball', 2)","('workbench', 2)","('jumpsuit', 2)","('dresses', 3)"
"('redbull', 1)","('ketchup', 1)","('envelope', 2)","('pepper spray', 2)","('japanese', 2)","('video game', 2)","('turnovers', 2)","('donuts', 2)","('tablet', 3)","('phone', 2)","('blue cheese', 2)","('wine', 3)","('margaritas', 2)","('milk', 3)","('pickleball', 2)","('nutrition', 3)","('science for dummies', 2)","('calculus', 3)","('badminton', 2)","('refrigerator', 2)","('dress shirt', 2)","('dress shirts', 3)"
"('sporade', 1)","('overnight oats', 1)","('eyebrow pencil', 2)","('binder', 2)","('panerbread', 2)","('art', 2)","('danish', 2)","('toast', 2)","('playstation', 3)","('fan', 2)","('vinegar', 2)","('rice', 3)","('champagne', 2)","('hamburger', 3)","('bowling', 2)","('calisthenics', 2)","('astrophysics', 2)","('americhistory', 2)","('beachball', 2)","('trash can', 2)","('cover-up', 2)","('belts', 3)"
"('rootbeer', 1)","('hot dogs', 1)","('eybrow pencil', 1)","('paper', 2)","('wendys', 2)","('hardware', 2)","('bread', 2)","('salads', 2)","('lincoln logs', 3)","('vacuum cleaner', 2)","('eggs', 2)","('gum', 3)","('high balls', 1)","('pie', 3)","('spin', 2)","('skiing', 2)","('archaeology', 2)","('writing', 2)","('handball', 2)","('snowblower', 2)","('skirt', 2)","('hat', 3)"
"('energy drink', 1)","('biscuits', 1)","('crayons', 1)","('notsure', 2)","('soup', 2)","('candy', 2)","('pretzels', 2)","('potato chips', 2)","('baseball', 3)","('gun', 2)","('fruit salad', 2)","('pizza', 3)","('ice tea', 1)","('cheese sticks', 2)","('aerobics', 2)","('gymnastics', 2)","('math', 2)","('biographies', 2)","('lawn darts', 2)","('ladder', 2)","('vest', 2)","('safe', 3)"
"('cake', 1)","('syrup', 1)","('highlighters', 1)","('candy', 2)","(""wendy's"", 2)","('fountain', 2)","('crullers', 2)","('jerky', 2)","('basketball', 3)","('makeup', 2)","('fruit', 2)","('lottery tickets', 2)","('diet coke', 1)","('french fries', 2)","('badmitton', 2)","('hiit', 2)","('basic science', 1)","('art history', 2)","('bouncy ball', 2)","('old clothes', 2)","('t-shirts', 2)","('robe', 3)"
"('vegetable', 1)","('fish', 1)","('my ipad', 1)","('brush', 2)","('hot dog on stick', 2)","('escalators', 2)","('cream', 1)","('dinner rolls', 2)","('games', 3)","('pencils', 2)","('chicken', 2)","('beef', 2)","('orange soda', 1)","('spaghetti', 2)","('lacross', 1)","('dancing', 2)","('theoretical', 1)","('government', 2)","('cornhole', 1)","('cabinet', 2)","('tank tops', 2)","('long sleeve shirt', 2)"
"('cool drinks', 1)","('salsa', 1)","('my kindle', 1)","('receipts', 2)","('burger king', 2)","('pet', 2)","('yogurt', 1)","('baguettes', 2)","('trains', 3)","('pens', 2)","('chef salad', 2)","('canned goods', 2)","('slushies', 1)","('breadsticks', 2)","('massage', 1)","('jazzercize', 2)","('science history', 1)","('geography', 2)","('rings', 1)","('bucket', 1)","('swim suit', 2)","('towel', 2)"
"('cheese', 1)","('ice', 1)","('clip', 1)","('wipes', 2)","('dairy queen', 2)","('hats', 2)","('frozen yogurt', 1)","('cheese', 2)","('checkers', 3)","('bathtub', 2)","('beets', 2)","('hamburger', 2)","('smoothies', 1)","('lobster', 2)","('meditation', 1)","('weightlifting', 2)","('life science', 1)","('finance', 2)","('basketballs', 1)","('couch', 1)","('bathing suit', 2)","('tuxedo', 2)"
"('flavored water', 1)","('water', 1)","('whiteout', 1)","('drink', 2)","('gyros', 2)","('gifts', 2)","('macarons', 1)","('eggs', 2)","('marbles', 3)","('art supplies', 2)","('garlic', 2)","('sandwich', 2)","('notsure', 1)","('onion rings', 2)","('dancing', 1)","('walking', 2)","('evolution', 1)","('poetry', 2)","('beach balls', 1)","('trampoline', 1)","('slacks', 2)","('work clothes', 2)"
"('gatorade', 1)","('soda', 1)","('mascara', 1)","('mascara', 2)","('court', 2)","('notsure', 2)","('mousse', 1)","('focaccia', 2)","('monopoly', 3)","('sofa', 2)","('radishes', 2)","('fruit', 2)","('sangria', 1)","('soups', 2)","('zumba', 1)","('martial arts', 2)","('volcanoes', 1)","('mystery', 2)","('softballs', 1)","('radio', 1)","('halter top', 2)","('shorts', 2)"
"('kool aid', 1)","('ice cream', 1)","('high lighter', 1)","('lip gloss', 2)","(""arby's"", 2)","('escalator', 2)","('danishes', 1)","('hot chocolate', 2)","('building blocks', 3)","('guns', 2)","('tomatos', 2)","('cheese', 2)","('spirits', 1)","('steaks', 2)","('kick boxing', 1)","('track', 1)","('weather', 1)","('fiction', 2)","('kite', 1)","('rollerblades', 1)","('tshirts', 2)","('purses', 2)"
"('punch', 1)","('soup', 1)","('color', 1)","('tampon', 1)","('fish', 2)","('fashion', 1)","('popsicles', 1)","('croissant', 2)","('hot wheels', 2)","('pillows', 2)","('romaine', 2)","('sodas', 2)","('liquour', 1)","('pork', 2)","('water polo', 1)","('endurance training', 1)","('global warming', 1)","('civics', 2)","('whiffle ball', 1)","('boots', 1)","('suit', 1)","('suits', 2)"
"('energy drinks', 1)","('soy sauce', 1)","('note', 1)","('mask', 1)","('fast', 1)","('purses', 1)","('flan', 1)","('garlic bread', 2)","('play dough', 2)","('tools', 2)","('iceberg', 2)","('nuts', 2)","('hot tea', 1)","('ribs', 2)","('field hockey', 1)","('cardio dance', 1)","('space travel', 1)","('statistics', 2)","('nerf ball', 1)","('iron shelf', 1)","('tux', 1)","('blouses', 2)"
"('koolaid', 1)","('apples', 1)","('beeper', 1)","('hand lotion', 1)","('german', 1)","('card', 1)","('milkshakes', 1)","('juice', 1)","('toy', 2)","('jewelry', 2)","('avacado', 2)","('napkins', 2)","('cider', 1)","('burger', 2)","('hiking', 1)","('sleeping', 1)","('prehistoric animals', 1)","('foreign language', 2)","('wiffleball', 1)","('electric cables', 1)","('kilt', 1)","('pjs', 2)"
,"('beef', 1)","('buzzer', 1)","('hair ties', 1)","('chicken strips', 1)","('toy store', 1)","('cupcake', 1)","('smoothies', 1)","('doll', 2)","('refridgerator', 2)","('mushrooms', 2)","('soup', 2)","('liquors', 1)","('taco', 2)","('table tennis', 1)","('ice skating', 1)","('science set', 1)","('magazines', 2)","('bebags', 1)","('hover board', 1)","('clothes', 1)","('underwear', 2)"
,"('chicken', 1)","('business card', 1)","('picture', 1)","('bbq', 1)","('gag gift', 1)","('cookie dough', 1)","('bananbread', 1)","('video game', 2)","('power tools', 2)","('thousand island', 1)","('granolbars', 2)","('sodas', 1)","('hot dog', 2)","('pickle ball', 1)","('karate class', 1)","('science websites', 1)","('mythology', 1)","('beanbag', 1)","('canned food', 1)","('t shirts', 1)","('jackets', 2)"
,"('hotdogs', 1)","('receipt', 1)","('make-up', 1)","('deli', 1)","('deparment', 1)","('doughnut', 1)","('regular bread', 1)","('toy trucks', 2)","('cabinets', 1)","('light ranch', 1)","('cookies', 2)","('sparkling water', 1)","('chicken tenders', 2)","('relay racing', 1)","('fitness', 1)","('books for science', 1)","('ecology', 1)","('darts', 1)","('shelves', 1)","('sandles', 1)","('books', 2)"
,"('cake', 1)","('lip pencil', 1)","('lotion', 1)","('eggs', 1)","('coat', 1)","('crepes', 1)","('pizzcrust', 1)","('stuffed toys', 2)","('blanket', 1)","('oil', 1)","('canned food', 2)","('liquor', 1)","('mashed potatoes', 2)","('backgammon', 1)","('dance workout', 1)","('science tv shows', 1)","('engineering', 1)","('stuffed animals', 1)","('bench', 1)","('long sleeve', 1)","('iron', 2)"
,,"('keys', 1)","('book', 1)","('salads', 1)","('knick knack', 1)","('macroons', 1)","('hamburger buns', 1)","('chalk', 2)","('dishes', 1)","('ham', 1)","('frozen pizza', 2)","('lager', 1)","('chili', 2)","('handball', 1)","('dance class', 1)","('newspaper', 1)","('ancient civilizations', 1)","('toys', 1)","('wheels', 1)","('cotton', 1)","('sweaters', 2)"
,,"('wipes', 1)","('charger', 1)","('sakura', 1)","('phones', 1)","('sweet bread', 1)","('orange juice', 1)","('clay', 2)","('computers', 1)","('turkey salad', 1)","('chocolate', 2)","('smoothie', 1)","('cake', 2)","('bootcamp', 1)","('ballet class', 1)","('meteorolgy', 1)","('chemistry', 1)","('tire', 1)","('fan', 1)","('tanktop', 1)","('t-shirts', 2)"
,,"('brush', 1)","('drivers license', 1)","(""popeye's"", 1)","('sitting area', 1)","('chocolates', 1)","('butter', 1)","('jump rope', 2)","('coffee table', 1)","('nut salad', 1)","('cakes', 2)","('donuts', 1)","('entrees', 1)","('biking', 1)","('racquet ball', 1)","('computer programming', 1)","('fantasy books', 1)","('axe', 1)","('board games', 1)","('swinging custom', 1)","('stuffed animals', 1)"
,,"('snacks', 1)","('makeup case', 1)","(""charley's grilled subs"", 1)","('movie rentals', 1)","('croissants', 1)","('tortillas', 1)","('frisbee', 2)","('ipad', 1)","('bacon salad', 1)","('sandwiches', 2)","('bajfresh', 1)","('sushi', 1)","('boxing', 1)","('push ups', 1)","('science digest', 1)","('mystery books', 1)","('hulhoop', 1)","('videos', 1)","('t shirt', 1)","('arts and crafts', 1)"
,,"('paintbrush', 1)","('nail file', 1)","('shrimp', 1)","('kiosk', 1)","('smores', 1)","('grains bar', 1)","('toy car', 2)","('video games', 1)","('ham salad', 1)","('oysters', 1)","('cake', 1)","('bruschetta', 1)","('volley ball', 1)","('jumping jacks', 1)","('natural science', 1)","('romance books', 1)","('bean bag', 1)","('motorcycles', 1)","('leotard', 1)","('sweatshirt', 1)"
,,"('pastels', 1)","('cell phone', 1)","('fish sticks', 1)","('pretzels', 1)","('jello', 1)","('croisants', 1)","('board game', 2)","('board game', 1)","('pickles', 1)","('potatos', 1)","('pizza', 1)","('chicken parmesan', 1)","('rowing', 1)","('rowing machine', 1)","('organic science', 1)","('newspapers', 1)","('rocks', 1)","('snowmobile', 1)","('short', 1)","('t-shirt', 1)"
,,"('index card', 1)","('calender', 1)","('cheeseburgers', 1)","('calendars', 1)","('cobbler', 1)","('cream', 1)","('play station', 1)","('ball', 1)","('egg', 1)","('paper plates', 1)","('hotdog', 1)","('fruit', 1)","('lacrose', 1)","('trampoline', 1)","('research science', 1)","('physical education', 1)","('balloons', 1)","('vice', 1)","('bodypiece', 1)","('leggings', 1)"
,,"('legal paper', 1)","('bandaids', 1)","('chilli fries', 1)","('clothings', 1)","('macaroons', 1)","('breakfast pastries', 1)","('toy dinosaur', 1)","('hair dryer', 1)","('greek salad', 1)","('apple', 1)","('chicken', 1)","('veggies', 1)","('tagging', 1)","('stair climber', 1)","('cancer research', 1)","('classic literature', 1)","('corn hole', 1)","('hand tool', 1)","('jacket', 1)","('board games', 1)"
,,"('camera', 1)","('earbuds', 1)","('chicken sandwich', 1)","('carpet', 1)","('cinnamon bun', 1)","('soft drinks', 1)","('baseballs', 1)","('mattress', 1)","('ceasor salad', 1)","('orange', 1)","('absinthe', 1)","('coke', 1)","('tug of war', 1)","('circuit', 1)","('robots', 1)","('property law', 1)","('volley ball', 1)","('work bench', 1)","('bathing costume', 1)","('workout clothes', 1)"
,,"('computer', 1)","('coffee', 1)","('salad', 1)","('photo booth', 1)","('donut', 1)","('chicken pie', 1)","('footballs', 1)","('dining table', 1)","('cobb salad', 1)","('pepper', 1)","('cognac', 1)","('fried rice', 1)","('hiit', 1)","('personal training sessions', 1)","('space and earth', 1)","('medieval literature', 1)","('horse shoes', 1)","('nails', 1)","('trunks', 1)","('sweatpant', 1)"
,,"('eye liner pencil', 1)","('smartphone', 1)","('fruits', 1)","('t-shirt booth', 1)","('muffin', 1)","('pasta', 1)","('soccer balls', 1)","('chincabinet', 1)","('bacon bits', 1)","('noodles', 1)","('chocolate milk', 1)","('shrimp', 1)","('yankees', 1)","('rock climbing', 1)","('medical', 1)","('gender studies', 1)","('ball bearings', 1)","('bbq', 1)","('sundress', 1)","('tie', 1)"
,,,"('handgun', 1)","('doughnut', 1)","('retail', 1)","('bear claws', 1)","('pastries', 1)","('basketballs', 1)","('clock', 1)","('shredded cheese', 1)","('macaroni', 1)",,"('pork chops', 1)","('buffalo biki', 1)","('singles tennis', 1)","('computer science', 1)","('art books', 1)","('rugby ball', 1)","('washing machine', 1)","('tankini', 1)","('fur suit', 1)"
,,,"('medecine', 1)","('cheeseburger', 1)","('accessories ', 1)","('swiss rolls', 1)","('cinamon rolls', 1)","('golf balls', 1)","('scissors', 1)","('ham chunks', 1)","('pancakes', 1)",,"('tofu', 1)","('lakers', 1)","('muay thai', 1)","('earth', 1)","('graphic novels', 1)","('spanners', 1)","('small refrigerator for water', 1)","('skirts', 1)","('makeup', 1)"
,,,"('tampons', 1)","('chicken and rice', 1)","('elevators', 1)","('strawberry crumble', 1)","('scone', 1)","('rugby balls', 1)","('stapler', 1)","('pepperoni', 1)","('beans', 1)",,"('turkey', 1)","('americnk', 1)","('jiu-jitsu', 1)","('biochemistry', 1)","('mystery novels', 1)","('teather ball', 1)","('work shoes', 1)","('dresses', 1)","('hairdryer', 1)"
,,,"('purse', 1)","('american', 1)","('guest services', 1)","('snickers rolls', 1)","('donut', 1)","('kites', 1)","('pantry', 1)","('tunsalad', 1)","('candy bars', 1)",,"('panini', 1)","('texas rangers', 1)","('tai chi', 1)","('plant biology', 1)","('manga', 1)","('frisbees', 1)","('oil cans', 1)","('wrap', 1)","('cd player', 1)"
,,,"('knife', 1)","('tai', 1)","('meat', 1)","('buns', 1)","('nuts', 1)","('electronics', 1)","('flower vases', 1)","('veggie salad', 1)","('hotdogs', 1)",,"('applesauce', 1)","('us soccer', 1)","('javelin toss', 1)","('animal biology', 1)","('fashion magazines', 1)","('volleyballs', 1)","('paper', 1)","('linen pants', 1)","('tshirts', 1)"
,,,"('snack', 1)","('french bistro', 1)","('chicken', 1)","('flatbread', 1)","('spices', 1)","('transformers action figures', 1)","('statues', 1)","('house salad', 1)","('frozen meals', 1)",,"('pineapple', 1)","('cross-country', 1)","('exercise', 1)","('biophysical chemisty', 1)","('historical novels', 1)","('sruiken', 1)","('ball', 1)","('mini skirts', 1)","('skirts', 1)"
,,,"('compact', 1)","('hots dogs', 1)","('pork', 1)","('coke float', 1)","('fries', 1)","('book', 1)","('knick nacks', 1)","('cesar salad', 1)","('medicine', 1)",,"('eggs', 1)","('aquatics sports', 1)","('using exercise equipment', 1)","('articles', 1)","('music theory', 1)","('pillow', 1)","('bat', 1)","('maxi dress', 1)","('fabric', 1)"
,,,"('organizer', 1)","('arbys', 1)","('salad', 1)","('coccola', 1)","('drinks', 1)","('cellphone', 1)","('repair tools', 1)","('lettice', 1)","('batteries', 1)",,"('meat', 1)","('motorsports', 1)","('football', 1)","('magazines', 1)","(""women's studies"", 1)","('condom', 1)","('stick', 1)","('romper', 1)","('yarn', 1)"
,,,"('paperclips', 1)","('auntie annes', 1)","('burger', 1)","('energy drink', 1)","('calzones', 1)","('card games', 1)","('computer gear', 1)","('cherry tomatoes', 1)","('chips`', 1)",,"('bacon', 1)","('ball sports', 1)","('basketball', 1)","('videos', 1)","('russilanguage', 1)","('vodka', 1)","('card', 1)","('cover up', 1)","('frisbees', 1)"
,,,"('work', 1)","('hotdogs', 1)","('shrimp', 1)","('biscotti', 1)","('stromboli', 1)","('action toys', 1)","('office supplies', 1)","('red onion', 1)","('packaged food', 1)",,"('omelets', 1)","('adventuring', 1)","('hockey', 1)","('periodicals', 1)","('fashion', 1)","('ping pong table', 1)","('wire', 1)","('one piece bathing suit', 1)","('balls', 1)"
,,,"('camping', 1)","('stir fry', 1)","('concierge desk', 1)","('baklava', 1)","('breadsticks', 1)","('lego', 1)","('door', 1)","('corn', 1)","('newspaper', 1)",,"('ahi tuna', 1)","('jai alai', 1)","('baseball', 1)","('pschology', 1)","('spanish language', 1)","('playground ball', 1)","('leaf blower', 1)","('extrclothes', 1)","('scarves', 1)"
,,,"('vacation', 1)","('rice bowls', 1)","('shoe store', 1)","('cannoli', 1)","('biscottis', 1)","('backpack', 1)","('bathroom', 1)","('bell peppers', 1)","('meats', 1)",,"('takoyaki', 1)","('kickball', 1)","('art class', 1)","('oceanography', 1)","('dinosaurs', 1)","('exercise ball', 1)","('stool', 1)","('something you cborrow', 1)","('umbrella', 1)"
,,,"('eat', 1)","('tortillas', 1)","('hat store', 1)","('long johns', 1)","('wraps', 1)","('cell phone', 1)","('tub', 1)","('asparagus', 1)","('yogurt', 1)",,"('bee bim bop', 1)","('hand ball', 1)","('acting class', 1)","('genetics', 1)","('modern art', 1)","('water balloons', 1)","('tv', 1)","('outfit you chave', 1)","('collar stays', 1)"
,,,"('watching movie', 1)","('dunkin donuts', 1)","('jewelry store', 1)","('mango desert', 1)","('sugar', 1)","('tv', 1)","('belts', 1)","('italisalad dressing', 1)","('ketchup', 1)",,"('galbi jjim', 1)","('body building', 1)","('day care', 1)","('videos about science', 1)","('cinematography', 1)","('dodgeball', 1)","('furniture', 1)","('something you cwear', 1)","('beanie', 1)"
,,,"('eye shadow', 1)","('jack in the box', 1)","('water fountain', 1)","('icecream', 1)","('chicken', 1)","('wind up toy', 1)","('helmets', 1)","('grated cheese', 1)","('seafood', 1)",,"('pastas', 1)",,"('video game sessions', 1)","('displays of moon rocks', 1)","('survival', 1)","('beanbags', 1)","('cars', 1)","('lots of clothes you clook through', 1)","('towels', 1)"
,,,"('powder', 1)","(""rally's"", 1)","('watch store', 1)","('milk bar mini', 1)","('beef', 1)","('hotwheel', 1)","('televisions', 1)","('romaine lettuce', 1)","('pop', 1)",,"('pizzas', 1)",,"('individual sports', 1)","('guest lecturers about physics', 1)","('romance', 1)","('juggling clubs', 1)","('deep freezer', 1)","('long pants', 1)","('tops', 1)"
,,,"('taser', 1)","('quiznos', 1)","('playground', 1)","('momofuku milkibar', 1)","('flour', 1)","('micro machines', 1)","('beds', 1)","('avocado', 1)","('burrito', 1)",,"('food', 1)",,"('barbells', 1)","('meteorology', 1)","(""children's"", 1)","('bat', 1)","('storage shelf', 1)","('sun glasses', 1)","('vacuum cleaner', 1)"
,,,"('jacket', 1)","(""papgino's"", 1)","('clothes', 1)","('dominique ansel bakkery', 1)","('coffee/tea', 1)","('ipod', 1)","('crayons', 1)","('walnuts', 1)","('popcorn', 1)",,"('desserts', 1)",,"('stairclimbers', 1)","('health', 1)","('crafting', 1)","('cycle', 1)","('pool items', 1)","('shirts', 1)","('backpack', 1)"
,,,"('reciepts', 1)","('cheese cake factory', 1)","('pets', 1)","('taiyaki', 1)","('danishes', 1)","('match box cars', 1)","('markers', 1)","('grapes', 1)","('poppers', 1)",,"('lemonade', 1)",,"('treadmills', 1)","('physiology', 1)","('geology', 1)","('gross cutter', 1)","('scooter', 1)","('slippers', 1)","('swimsuit', 1)"
,,,"('bandaid', 1)","(""p.f. chang's"", 1)","('internet', 1)","('rolls', 1)","('fruits', 1)","('dump truck', 1)","('piano', 1)","('salmon', 1)","('orange juice', 1)",,"('fruit drinks', 1)",,"('exercise balls', 1)","('the mad science book', 1)","('story', 1)","('winder', 1)","('canopy', 1)","('sun screen', 1)","('short', 1)"
,,,"('balm', 1)","('cheesburgers', 1)","('junk', 1)","('deep fried dessert', 1)","('cake', 1)","('nerf guns', 1)","('water bottles', 1)","('bagged salads', 1)","('bead', 1)",,"('beer', 1)",,"('kettlebells', 1)","('stuff matters', 1)","('comic', 1)","('blade', 1)","('vehicle', 1)","('hair cap', 1)","('racesuit', 1)"
,,,"('scarf', 1)","('s-barro pizza', 1)","('disney', 1)","('frozen dessert', 1)","('ice cream', 1)","('swords', 1)","('canned food', 1)","('vegetables', 1)","('soups', 1)",,"('wine', 1)",,"('weight training', 1)","('lots of science books', 1)","('game', 1)","('cricketball', 1)","('pool table', 1)","('shoes', 1)","('brief', 1)"
,,,"('umbrella', 1)","('diner', 1)","('massage parlor', 1)","('pastry', 1)","('cheese cake', 1)","('toy giraffe', 1)","('coffee cup', 1)","('cukes', 1)","('cereal', 1)",,"('mozzarellsticks', 1)",,"('skateboarding', 1)","('plenty of options', 1)","('business', 1)","('bowling ball', 1)","('television', 1)","('nudism', 1)","('jammer', 1)"
,,,"('food', 1)","('red robin', 1)","('grocery', 1)","('jellied dessert', 1)","('chocolate', 1)","('toy lawnmower', 1)","('bowls', 1)","('nuts', 1)","('bottled water', 1)",,"('beef sliders', 1)",,"('sports shooting', 1)","('textbooks', 1)","('world literature', 1)","('bandy ball', 1)","('laundry machines', 1)","('onesie', 1)","('dress shoes', 1)"
,,,"('coins', 1)","('chicken sandwichs', 1)","('carousel', 1)","('petit fours', 1)","('do nut', 1)","('barbies', 1)","('spoons', 1)","('red onions', 1)","('pet food', 1)",,"('chicken fingers', 1)",,"('archery', 1)","('book by acclaimed scientists', 1)","('art/painting', 1)","('paper airplane', 1)","('old newspapers', 1)","('bathing cap', 1)","('boxes', 1)"
,,,"('trinket', 1)","('seafood', 1)","('tools', 1)","('bagels', 1)","('cups', 1)","('pokemon cards', 1)","('forks', 1)","('green onion', 1)","('lettuce', 1)",,"('chips', 1)",,"('tanning', 1)","('my favorite science book', 1)","('math books', 1)","('javelin', 1)","('washer/dryer', 1)","('goggles', 1)","('hockey stick', 1)"
,,,"('lint', 1)","('carls jr', 1)","('utensils', 1)","('tortes', 1)","('utensils', 1)","('toy soldiers', 1)","('gunes', 1)","('cruotons', 1)","('egg', 1)",,"('macaroni', 1)",,"('personal trainer', 1)","('whole section of science books', 1)","('fiction books', 1)",,"('powerwasher', 1)","('noseplug', 1)","('golf clubs', 1)"
,,,"('laptop', 1)","('food court', 1)","('car', 1)","('puff pastrys', 1)","('bottled water', 1)","('ipads', 1)","('drugs', 1)","('salad', 1)","('mayo', 1)",,"('cheesecake', 1)",,"('line dancing', 1)","('moon science', 1)","('history books', 1)",,"('washer', 1)","('swimtui', 1)","('slippers', 1)"
,,,"('folders', 1)","('restaraunts', 1)","('health goods store', 1)",,"('smoothie', 1)","('drawing pad', 1)","('glass ornaments', 1)","('apples', 1)","('tomatoes', 1)",,"('beef', 1)",,"('dance aerobics', 1)","('night science', 1)","('maps', 1)",,"('dryer', 1)","('innerwear', 1)","('wigs', 1)"
,,,"('journals', 1)","('beef steak', 1)","('benches', 1)",,"('baking pans', 1)","('water gun', 1)","('aggressive pets', 1)","('bananas', 1)","('union', 1)",,"('bbq', 1)",,"('circuit training', 1)","('day science', 1)","('novels', 1)",,"('table', 1)","('upperwear', 1)","('luggage', 1)"
,,,"('hairbrush', 1)","('pork', 1)","('skating rink', 1)",,"('baking ingrediants', 1)","('yo yo', 1)","('marbles', 1)","('potatoes', 1)","('vinegar', 1)",,"('enchiladas', 1)",,"('step aerobics', 1)","('planet science', 1)","('drawing books', 1)",,"('chair', 1)","('trousers', 1)","('ironing board', 1)"
,,,"('checkbook', 1)","('meat loaf', 1)","('play area', 1)",,"('order book', 1)","('baseball and bat', 1)","('tide pods', 1)","('eggplant', 1)","('pasta', 1)",,"('pot roast', 1)",,"('gym', 1)","('food science', 1)","('latin', 1)",,"('tool bench', 1)","('tops', 1)","('bible', 1)"
,,,"('tablet', 1)","('egg sandwich', 1)","('bench', 1)",,"('bisuits', 1)","('jungle gym', 1)","('bleach', 1)","('green peppers', 1)","('fish', 1)",,"('veggie plates', 1)",,"('sauna', 1)","('environmental science', 1)","('politics', 1)",,"('trash bags', 1)","('sunscreen', 1)","('tshirt', 1)"
,,,"('sanitizer', 1)","('kfc', 1)","('windows', 1)",,"('cuban', 1)","('tampoline', 1)","('stereo', 1)","('avocados', 1)","('muffins', 1)",,"('chicken or beef entrees', 1)",,"('squash', 1)","('machines', 1)","('spelling', 1)",,"('roller skates', 1)","('spare clothes', 1)","('cards', 1)"
,,,"('passport', 1)","('californipizza', 1)","('hair brush', 1)",,"('pizzcrusts', 1)","('bocce', 1)","('dresser', 1)","('endive', 1)","('chicken leg quarters (pre packaged from perdue)', 1)",,"('pie and cake', 1)",,"('strength', 1)","('secreatures', 1)","('home economics books', 1)",,"('treadmill', 1)","('change of clothes', 1)","('overalls', 1)"
,,,"('cosmetics', 1)","('korean', 1)","('bed', 1)",,"('english muffins', 1)","('candyland', 1)","('rug', 1)","('apple', 1)","('instant noodles', 1)",,"('fajitas', 1)",,"('toning', 1)","('weather books', 1)","('biology', 1)",,"('christmas ornaments', 1)","('an extrset', 1)","('snowsuit', 1)"
,,,"('license', 1)","('italicuisine', 1)","('couch', 1)",,"('salad', 1)","('puppy', 1)","('lamps', 1)","('pomegranate', 1)","('burgers', 1)",,"('rice', 1)",,"('exercise equipment', 1)","('reptiles', 1)","('comics', 1)",,"('surfboard', 1)","('wetsuit', 1)","('blanket', 1)"
,,,"('credit card', 1)","('thai cuisine', 1)","('watches', 1)",,"('bun', 1)","('toy truck', 1)","('aunt', 1)","('pineapple', 1)","('snacks', 1)",,"('nachos', 1)",,"('swimming ', 1)","('africanimals', 1)","('linear algebra', 1)",,"('toys', 1)",,"('suitcase', 1)"
,,,"('grocery list', 1)","('thai', 1)","('ice cream', 1)",,"('milk', 1)","('barbie doll', 1)","('uncle', 1)","('banana', 1)","('potato chips', 1)",,"('stroganoff', 1)",,"('power training', 1)","('planets', 1)","('english literature', 1)",,"('bug spray', 1)",,"('blankets', 1)"
,,,"('phonebook', 1)","('steak', 1)","('toy', 1)",,"('cupcakes', 1)","('stuffed teddy bear', 1)","('cousin', 1)","('cherry', 1)","('canned vegetables', 1)",,"('cog au vin', 1)",,"('aquaerobics', 1)","('medical books', 1)","('animals', 1)",,"('pipes', 1)",,"('clothing', 1)"
,,,"('bible', 1)","('fries', 1)","('mall map', 1)",,"('cakes', 1)","('sports equipment', 1)","('grandma', 1)","('strawberry', 1)","('hot dog', 1)",,"('biscuits', 1)",,"('economic', 1)","('the mitochondriand you', 1)","('travel', 1)",,"('oil', 1)",,"('muffler', 1)"
,,,"('makup', 1)","('milkshakes', 1)","('sports gear', 1)",,"('chocolate dipped strawberries', 1)","('reading books', 1)","('grandpa', 1)","('coutons', 1)","('magazines', 1)",,"('entree', 1)",,"('foreign language', 1)","(""isaac newton's theory of gravity"", 1)","('science fiction', 1)",,"('heater', 1)",,"('pith helmet', 1)"
,,,"('snacks', 1)","('chicken sandwiches', 1)","('outdoors', 1)",,"('brownies', 1)","('play dou', 1)","('father', 1)","('dinner salads', 1)","('potatoes', 1)",,"('sides', 1)",,"('science', 1)","('animals', 1)","('language arts', 1)",,"('spare tire', 1)",,"('rain coat', 1)"
,,,"('ear rings', 1)","('sub sandwiches', 1)","('fountains', 1)",,"('cookies', 1)","('dolly', 1)","('alcohol', 1)","('fruit salads', 1)","('quinoa', 1)",,"('tenders', 1)",,"('english', 1)","('technology', 1)","('music history', 1)",,"('paint can', 1)",,"('book', 1)"
,,,"('keychain', 1)","('chick-fil-a', 1)","('arts', 1)",,"('bread sticks', 1)","('train toys', 1)","('work tools', 1)","('green salads', 1)","('broccoli', 1)",,"('salmon', 1)",,"('math', 1)","('periodic table of elements', 1)","('business management', 1)",,"('cleaning supplies', 1)",,"('bags', 1)"
,,,"('hair brush', 1)","('sabarro', 1)","('skateboard', 1)",,"('buns', 1)","('throw ball', 1)","('workout equipments', 1)","('desserts', 1)","('lunch meat', 1)",,"('pancakes', 1)",,"('business', 1)","('gravity', 1)","('grammar', 1)",,"('air compressor', 1)",,"('purse', 1)"
,,,,"('corn dog 7', 1)","('candle', 1)",,"('flat bread', 1)","('shoes', 1)","('vase', 1)","('pasta', 1)","('chips and snacks', 1)",,"('waffles', 1)",,"('badmitton', 1)","('algebra', 1)","('political science', 1)",,,,"('love letters', 1)"
,,,,"('tomatoes', 1)",,,"('rye bread', 1)","('dresses', 1)","('adult games', 1)","('bound salads', 1)","('newspapers', 1)",,"('non-alcoholic beverages', 1)",,"('diving', 1)","('trigonometry', 1)","('americliterature', 1)",,,,"('gown', 1)"
,,,,"('pretzil', 1)",,,"('white bread', 1)","('tinker toys', 1)","('picture', 1)","('ranch dressing', 1)","('detergent', 1)",,"('fried chicken', 1)",,"('biking', 1)","('calculus', 1)","('dressmaking', 1)",,,,"('wrapping paper', 1)"
,,,,"('beer', 1)",,,"('wheat bread', 1)","('balloons', 1)","('broom', 1)","('croquets', 1)","('cake', 1)",,"('pork tenderloin', 1)",,"('fishing', 1)","('combinatorics', 1)","('painting', 1)",,,,"('notebooks', 1)"
,,,,"('wine', 1)",,,"('brioche', 1)","('stickers and book', 1)","('stove/oven', 1)","('strawberries', 1)","('boxed rice', 1)",,"('catfish', 1)",,"('hunting', 1)","('animal books', 1)","('biography', 1)",,,,"('medical supplies', 1)"
,,,,"('pastcarbonara', 1)",,,"('napkins', 1)","('chess', 1)","('kitchen', 1)","('salad greens', 1)","('soft drinks', 1)",,"('fried shrimp', 1)",,"('wall climbing', 1)","('marine biology', 1)","('cookbooks', 1)",,,,"('chest of drawers', 1)"
,,,,"('lasagna', 1)",,,"('sourdough', 1)","('paint', 1)","('fork', 1)",,"('lottery ticket', 1)",,"('chicken strips', 1)",,"('boot camp', 1)","('genetic makeup', 1)","('movies', 1)",,,,"('chinos', 1)"
,,,,"('rissotto', 1)",,,"('sausage roll', 1)","('dinosaurs', 1)","('plant', 1)",,"('sides', 1)",,"('root beer', 1)",,"('core work', 1)","('cloning', 1)","(""children's books"", 1)",,,,
,,,,"('burguers', 1)",,,"('meat pies', 1)","('robots', 1)","('pillow', 1)",,"('cvegs', 1)",,"('smoothies', 1)",,,"('tools', 1)","('design', 1)",,,,
,,,,"('orange julius', 1)",,,"('crossants', 1)","('not alcohol', 1)","('washer', 1)",,"('corn dogs', 1)",,"('vitamin water', 1)",,,"('magnet', 1)","('gardening', 1)",,,,
,,,,"('fast restaurant', 1)",,,"('baguette', 1)","('soccer', 1)","('dryer', 1)",,"('slushee', 1)",,,,,"('blade', 1)","('trigonometry', 1)",,,,
,,,,"('salad bar', 1)",,,"('pancakes', 1)","('airplane toys', 1)","('wall paint', 1)",,"('milkshake', 1)",,,,,"('pin', 1)","('foreign languages', 1)",,,,
,,,,"('pretzel stand', 1)",,,"('pickles', 1)","('baseball bat', 1)","('freezer', 1)",,"('salt', 1)",,,,,"('geography', 1)","('sewing', 1)",,,,
,,,,"('vending machines', 1)",,,"('pie crust', 1)","('memory game', 1)","('pictures', 1)",,"('oil', 1)",,,,,"('physic', 1)","('performing arts', 1)",,,,
,,,,"('chipotle', 1)",,,"('crepes', 1)","('online computer games', 1)","('rugs', 1)",,"('gasoline', 1)",,,,,"('flight', 1)",,,,,
,,,,"('sandwizz', 1)",,,"('cabbage pie', 1)","('musical instruments', 1)","('utensils', 1)",,"('toilet paper', 1)",,,,,"('hygiene', 1)",,,,,
,,,,"('rice', 1)",,,"('quiche', 1)","('coloring book', 1)","('blankets', 1)",,"('chicken wings', 1)",,,,,"('nutrition', 1)",,,,,
,,,,"('chic fla', 1)",,,"('hawaiirolls', 1)","('yo-yo', 1)","('carpet', 1)",,"('smoothies', 1)",,,,,"('aerobics', 1)",,,,,
,,,,"('ktp', 1)",,,,"('phone', 1)","(""dvd's"", 1)",,"('apples', 1)",,,,,"('law', 1)",,,,,
,,,,"('vegetable grits', 1)",,,,"('construction paper', 1)","('pots and pans', 1)",,,,,,,"('yogexercises', 1)",,,,,
,,,,"('skillet banana', 1)",,,,"('markers', 1)","('knife', 1)",,,,,,,"('meterology', 1)",,,,,
,,,,"('salad chicken', 1)",,,,"('firetruck', 1)","('gas can', 1)",,,,,,,"('space science', 1)",,,,,
,,,,"('avocado sandwich', 1)",,,,"('barbie dolls', 1)","('razor', 1)",,,,,,,"('history', 1)",,,,,
,,,,"('stuffed sweet potato', 1)",,,,"('g.i. joes', 1)","('movies', 1)",,,,,,,"('economics', 1)",,,,,
,,,,"('quinosalad', 1)",,,,"('cabbage patch kids', 1)","('music', 1)",,,,,,,"('government', 1)",,,,,
,,,,"('pulled pork', 1)",,,,"('baby cycle', 1)","('stereo/radio', 1)",,,,,,,"('english', 1)",,,,,
,,,,"('chik fil a', 1)",,,,"('baby car', 1)","('fridge', 1)",,,,,,,"('how to be scientist', 1)",,,,,
,,,,"(""renzio's"", 1)",,,,"('baby doll', 1)","('counter', 1)",,,,,,,"('astrologist', 1)",,,,,
,,,,"('restaurant', 1)",,,,"('paints', 1)","('kitchen sink', 1)",,,,,,,"('epidimeologist', 1)",,,,,
,,,,"('hot dog cart', 1)",,,,"('happy tree stacker', 1)","('shower', 1)",,,,,,,"('botanist', 1)",,,,,
,,,,"('soft pretzels', 1)",,,,"('babe play gym', 1)","('blender', 1)",,,,,,,"('science 101', 1)",,,,,
,,,,"('grinders', 1)",,,,"('tiny pong', 1)","('bath tub', 1)",,,,,,,"('natural world', 1)",,,,,
,,,,"(""dunkin' donuts"", 1)",,,,"('r and t crew club', 1)","('coasters', 1)",,,,,,,"('the environment', 1)",,,,,
,,,,"('au bon pain', 1)",,,,"('slap ninjgame', 1)","('read books', 1)",,,,,,,"('anthropology', 1)",,,,,
,,,,"(""domino's"", 1)",,,,"('laser race car', 1)","('hide and seek', 1)",,,,,,,,,,,,
,,,,,,,,"('dominoes', 1)","('cook', 1)",,,,,,,,,,,,
,,,,,,,,"('dump trucks', 1)","('bake', 1)",,,,,,,,,,,,
,,,,,,,,"('matchbox cars', 1)","('clean', 1)",,,,,,,,,,,,
,,,,,,,,"('race car', 1)","('vases', 1)",,,,,,,,,,,,
,,,,,,,,"('dominos', 1)","('tables', 1)",,,,,,,,,,,,
,,,,,,,,"('train', 1)","('washing machine', 1)",,,,,,,,,,,,
,,,,,,,,"('wii', 1)","('furnitute', 1)",,,,,,,,,,,,
,,,,,,,,"('stuffed animal', 1)","('computer', 1)",,,,,,,,,,,,
,,,,,,,,"('toy boat', 1)","('glasses', 1)",,,,,,,,,,,,
,,,,,,,,"('rattle', 1)","('desk', 1)",,,,,,,,,,,,
,,,,,,,,"('trampoline', 1)","('knifes', 1)",,,,,,,,,,,,
,,,,,,,,"('computer games', 1)","('boxes', 1)",,,,,,,,,,,,
,,,,,,,,"('bicycle', 1)","('logs', 1)",,,,,,,,,,,,
,,,,,,,,"('playing cards', 1)","('oil', 1)",,,,,,,,,,,,
,,,,,,,,,"('electrical plugs', 1)",,,,,,,,,,,,
,,,,,,,,,"('craft supplies', 1)",,,,,,,,,,,,
,,,,,,,,,"('televison', 1)",,,,,,,,,,,,
,,,,,,,,,"('cupboard', 1)",,,,,,,,,,,,
,,,,,,,,,"('antiques', 1)",,,,,,,,,,,,
,,,,,,,,,"('appliances', 1)",,,,,,,,,,,,
,,,,,,,,,"('clothing', 1)",,,,,,,,,,,,
,,,,,,,,,"('wine', 1)",,,,,,,,,,,,
,,,,,,,,,"('weights', 1)",,,,,,,,,,,,
,,,,,,,,,,,,,,,,,,,,,
,,,,,,,,,,,,,,,,,,,,,
,,,,,,,,,,,,,,,,,,,,,
,,,,,,,,,,,,,,,,,,,,,
,,,,,,,,,,,,,,,,,,,,,
,,,,,,,,,,,,,,,,,,,,,
,,,,,,,,,,,,,,,,,,,,,
,,,,,,,,,,,,,,,,,,,,,
,,,,,,,,,,,,,,,,,,,,,
,,,,,,,,,,,,,,,,,,,,,
,,,,,,,,,,,,,,,,,,,,,
,,,,,,,,,,,,,,,,,,,,,
,,,,,,,,,,,,,,,,,,,,,
