ip,duration,lat,long,id,positive,fridge1,fridge2,fridge3,fridge4,fridge5,fridge6,fridge_time,handbag1,handbag2,handbag3,handbag4,handbag5,handbag6,handbag_time,mall1,mall2,mall3,mall4,mall5,mall6,mall_time,bakery1,bakery2,bakery3,bakery4,bakery5,bakery6,bakery_time,play1,play2,play3,play4,play5,play6,play_time,corner1,corner2,corner3,corner4,corner5,corner6,corner_time,restaurant1,restaurant2,restaurant3,restaurant4,restaurant5,restaurant6,restaurant_time,fitness1,fitness2,fitness3,fitness4,fitness5,fitness6,fitness_time,library1,library2,library3,library4,library5,library6,library_time,garage1,garage2,garage3,garage4,garage5,garage6,garage_time,closet1,closet2,closet3,closet4,closet5,closet6,closet_time
67.176.76.48,1021,40.4102,-104.758,A32JEH06T23HDF,TRUE,soda,milk,juice,water,beer,wine,247.243,pen,,crayon,pencil,marker,highlighter,36.305,Pizza,Subs,Ice Cream,Fast,Chinese,German,34.804,fruit,cream,cake,cookies,yogurt,fudge,39.324,an xbox,a play station,toy dinosaur,hot wheels,stuffed animals,legos,38.483,ranch,thousand island,blue cheese,light ranch,vinegar,oil,40.5,beer,wine,shots,cocktails,,,32.456,soccer,football,softball,baseball,football,volleyball,35.635,Physics,chemistry,psychology,Biology,medicine,earth science,175.81,frisbee,boomerang,basketball,football,baseball,volleyball,34.659,swimsuit,,,,,speedo,154.747
173.242.129.193,787,37.8589,-86.0069,AWN1PEZWRQSQ9,TRUE,water,kool-aid,soda,,beer,whiskey,30.051,pencil,pen,crayon,marker,sharpie,eybrow pencil,47.989,asian,burgers,chicken strips,bbq,deli,eggs,85.652,donuts,pie,cake,cookies,cupcakes,muffins,14.317,baseballs,footballs,soccer balls,basketballs,golf balls,rugby balls,27.465,lettuce,tomatoes,eggs,ham,cheese,dressing,18.611,beer,,whiskey,wine,,tequila,18.568,baseball,pickleball,basketball,soccer,football,rugby,31.184,biology,botany,anatomy,astronomy,chemistry,zoology,23.295,horseshoes,cornhole,baseballs,footballs,frisbee,rings,28.749,swimsuit,shorts,suit,a tux,a kilt,,37.928
107.202.185.169,729,41.88789,-88.1995,A1W7I6FN183I8F,TRUE,Water,Juice,Soda,Milk,juice,Lemonade,29.791,Pens,Pencils,Markers,Crayons,Highlighters,quill,73.579,Chicken,Asian,Salads,Pizza,Italian,Burgers,31.527,Ice cream,Cake,Brownies,Chocolate,Cookies,Pie,36.748,Kites,Video games,Board games,Crayons,Toys,Electronics,52.607,Lettuce,Cucumbers,Tomatoes,Croutons,Dressing,Carrots,62.685,cocktails,Beer,Vodka,High Balls,Tequila,,58.089,Basketball,Track,Soccer,Baseball,football,Volleyball,53.467,Chemistry,Physics,Basic Science,Theoretical,Biology,Botany,70.521,Baseballs,Basketballs,frisbee,Beach balls,Softballs,Footballs,54.873,Clothes,Shorts,swimsuit,underwear,Towels,,66.58
69.251.108.191,1452,38.5956,-76.9908,A1969Q0R4Y0E3J,TRUE,Water,juice,soda,,Tea,Milk,45.65,pen,pencil,chalk,marker,sharpie,,79.67,chick fil a,burger,sakura,auntie anne's,popeye's,charley's grilled subs,419.388,cookies,cake,pie,brownies,ice cream,frozen yogurt,90.265,legos,transformers action figures,a book,a cellphone,an ipad,a tablet,86.665,turkey salad,chicken salad,fruit salad,nut salad,bacon salad,ham salad,112.12,Tequila,vodka,whiskey,rum,gin,brandy,37.716,tennis,track,bowling,swimming,wrestling,lacrosse,102.908,science history,space,physical science,life science,earth science,physics,70.93,frisbee,a ball,a kite,a basketball,a football,,62.484,swimsuit,tank top,shorts,dress,,,125.646
71.233.9.189,733,43.3532,-72.1838,A3HDB27CR1975E,TRUE,,soda,sports drink,Water,,juice,36.225,A pen,A Pencil,A Sharpie,,A Highlighter,A Crayon,59.597,Sandwiches,Burgers,Shrimp,Spaghetti,chicken,Fish Sticks,72.957,Macarons,Truffles,Cupcakes,Mousse,Scones,Danishes,46.737,Xbox,Playstation,Legos,Play Dough,Coloring Books,Action Figures,33.419,Lettuce,Tomato,Carrots,Cucumbers,Pickles,Onions,26.337,cocktails,Beer,Hard Seltzer,Wine,Wine Coolers,whiskey,53.963,Football,Soccer,Lacrosse,Baseball,Hockey,Basketball,31.065,Evolution,Volcanoes,Weather,Global Warming,Space Travel,Prehistoric Animals,83.083,A baseball,A whiffle ball,A softball,A Basketball,frisbee,A Football,49.4,swimsuit,,Shorts,wet suit,speedo,,68.758
70.173.165.122,531,36.1472,-115.118,A2WZ8ZEB00LYF7,TRUE,water,soda,,juice,milk,,66.326,a pencil,a pen,a marker,phone,my ipad,my kindle,95.529,burgers,cheeseburgers,french fries,chilli fries,chicken sandwich,mexicans,45.504,Ice Cream,Popsicles,,Flan,Chocolate,Milkshakes,38.613,Video Games,Board Games,Card Games,Toys,Action toys,Play dough,25.53,salad dressing,tomatoes,lettuce,celery,broccoli,onions,36.399,soda,,,,,,22.784,football,soccer,lacross,hockey,volleyball,track,35.639,science set,chemistry,science magazines,science websites,books for science,science tv shows,37.683,a football,a soccerball,a basketball,a kickball,a nerf ball,a beach ball,24.023,shorts,t shirts,pants,sandles,swimsuit,speedo,52.351
100.11.195.104,2373,40.0172,-75.0883,A3QXFWX1PVH5MJ,TRUE,water,juice,wine,soda,coffee,beer,51.155,pencil,pen,marker,ink,lipstick,clip,879.465,salad,pizza,burger,fruits,doughnut,sandwich,94.378,cake,cupcake,muffins,candy,,cookies,147.812,toy,lego,backpack,cell phone,soccer ball,tv,201.789,fruit,ranch,chicken,carrot,lettuce,egg,49.889,soda,ice tea,wine,whiskey,tequila,,94.778,weights,running,massage,meditation,dancing,yoga,87.481,encyclopedia,newspaper,astronomy,biology,physics,chemistry,107.454,basketball,soccer ball,frisbee,golf ball,frisbee,football,165.244,tshirt,long sleeve,tank top,swimsuit,cotton,jumpsuit,225.402
24.13.135.151,2143,41.9014,-88.7515,A1RRMINTJ8BHKG,TRUE,Water,soda ,Beer,Wine,,Lemonade,39.455,A pencil,A marker,A pen,A highlighter,,A crayon,1287.294,A cheeseburger,Pizza,sandwich,chicken and rice,french fries,japanese,103.548,Cake,Muffins,Cookie dough,brownies,cupcakes,Donuts,59.659,A ball,a wind up toy,A doll,A hotwheel,Micro machines,A puzzle,61.329,A fruit salad,A greek salad,A ceasor salad,A chicken salad,a chef salad,A cobb salad,84.556,Beer,Diet coke,Orange soda,Wine,Vodka,lemonade,53.846,Hockey,Baseball,Football,Basketball,Volleyball,Lacrosse,56.126,Meteorolgy,Biology,Physics,Computer programming,Astronomy,Earth Science,116.966,Horseshoes,A Frisbee,A Baseball,A Football,A medicine ball,A hacky sack,86.812,swimsuit,A tank top,shorts,dress,robe,dress shirt,59.42
23.132.80.64,1098,43.9547,-86.2801,A25FH7PXC446RG,TRUE,beer,water,lemonade,soda,juice ,milk,53.926,lipstick,eyeliner,nail polish,whiteout,pen,marker,106.043,american,chinese,tai,mexican,italian,french bistro,61.185,cheesecake,donuts,cookies,scones,eclairs,cake,76.372,football,video game,ipod,legos,match box cars,dump truck,88.797,lettuce,bacon bits,croutons,shredded cheese,ham chunks,pepperoni,65.209,beer,wine,cocktails,Hard Seltzer,,cocktails,72.577,football,basketball,tennis,volleyball,baseball,golf,96.803,encyclopedia,science digest,natural science,organic science,research science,cancer research,169.307,football,softball,baseball,frisbee,tennis ball,horseshoes,73.107,swimsuit,dress,cover-up,shorts,skirt,tanktop,76.878
142.197.9.227,1446,28.39391,-81.4216,A3SETW6ELRDABV,TRUE,Water,juice,tea,mint water,beer,smoothie,61.989,Pen,Pencil,crayon,marker,,highlighter,92.711,Hots dogs,pizza,burgers,Chinese,sandwiches,Italian,63.231,Cake,doughnut,pie,cookies,tarts,brownies,60.994,toy trucks,ball,video games,puzzles,Nerf guns,swords,126.751,Carrots,Onions,Spinach,Kale,Beets,Garlic,45.724,Juice,Water,beer,wine,slushies,smoothies,72.907,Zumba,Yoga,spin,aerobics,weights,boxing,193.95,Nature,robots,space and earth,Medical,computer science,Engineering,204.853,soccer ball,basket ball,baseball,frisbee,tennis ball,football,84.843,swinging custom,swimsuit,t shirt,shorts,leotard,vest,98.35
73.236.224.97,394,40.6189,-79.159,AA9A1N3MLWMNF,TRUE,soda,water,sports drink,beer,juice,tea,29.614,pen,,pencil,,markers,sharpie,30.254,chinese,subs,pizza,japanese,pretzels,italian,35.674,cupcakes,cake,brownies,cookies,scones,muffins,17.916,toy giraffe,toy lawnmower,legos,lincoln logs,barbies,trucks,39.674,chef salad,chicken salad,tuna salad,veggie salad,house salad,cesar salad,30.985,cocktails,,,,vodka,wine,32.141,basketball,baseball,football,soccer,water polo,dodgeball,19.264,biology,chemistry,physics,earth,medicine,geology,35.646,a baseball,a basketball,a football,a frisbee,a stick,golf ball,18.718,a swimsuit,shirt,short,pants,robe,bodypiece,36.932
104.176.26.78,430,33.91409,-84.8274,A1VEXF7BDDZIMI,TRUE,water,lemonade,juice,soda,milk,,24.835,a pencil,a pen,lipstick,a crayon,,,28.318,burger,Subway,mexican,cafe,,,41.5,cake,cookies,pie,pastries,crepes,,39.645,toy cars,balls,video games,blocks,,,46.879,lettuce,carrots,onions,dressing,cucumbers,croutons,24.965,beer,wine,gin,vodka,whiskey,,19.958,soccer,football,rugby,lacrosse,field hockey,basketball,18.726,astronomy,biology,physics,chemistry,psychology,ecology,25.312,a basketball,a frisbee,a soccer ball,a football,,,22.062,a swimsuit,a t-shirt,shorts,jeans,a tank top,a hat,55.282
216.30.201.152,457,38.31731,-81.5903,A393NGMY0T5UY,TRUE,water,soda,juice,milk,,,26.529,pen,pencil,marker,crayon,,,39.545,burger,chinese,panera bread,wendys,arbys,auntie annes,31.02,cake,donuts,cheesecake,apple fritters,macroons,cookies,30.55,puzzles,action figures,pokemon cards,board games,baseball,basketball,49.438,lettice,kale,salad dressing,crutons,tomatoes,cucumbers,53.811,beer,cocktails,wine,whiskey,rum,,26.607,football,basketball,baseball,softball,lacrosse,frisbee,33.98,chemistry,biochemistry,plant biology,animal biology,physics,biophysical chemisty,30.264,baseball,basketball,wiffleball,hacky sack,soccerball,football,38.387,swimsuit,,,,wet suit,t-shirt,30.211
73.188.87.164,500,40.01489,-75.1439,A15WRJKRWC80DA,TRUE,milk,water,juice,tea,coffee,seltzer,35.944,pencil,pen,,,,,49.395,pizza,burgers,mexican,chinese,pretzels,chicken,44.151,sweet bread,pie,cake,cookies,donuts,,31.618,trucks,legos,lincoln logs,video games,football,basketball,31.036,lettuce,spinach,cherry tomatoes,salad dressing,croutons,red onion,21.246,beer,cocktails,,,soda,iced tea,20.031,rugby,football,basketball,baseball,track,hockey,36.567,biology,chemistry,anatomy,astrology,geology,physics,67.852,baseball,football,frisbee,horseshoes,bean bags,,38.863,swimsuit,,sandals,hat,,,39.555
104.5.21.103,610,41.6227,-86.2452,A1VVR9MA1P9HWJ,TRUE,soda,,,water,juice,tea,23.529,pen,pencil,eyeliner,crayon,marker,highlighter,24.12,pizza,burgers,hotdogs,chicken,stir fry,rice bowls,24.539,cake,cookies,donuts,pie,tarts,chocolates,47.131,cards,blocks,toys,games,video games,crayons,30.914,lettuce,tomatoes,cucumbers,carrots,olives,onions,20.413,soda,,water,wine,beer,vodka,132.351,soccer,volleyball,football,tennis,hiking,badminton,46.414,books,articles,magazines,videos,periodicals,encyclopedias,33.132,basketball,football,soccer ball,tennis ball,hacky sack,frisbee,28.694,t-shirts,shorts,sandals,swimsuit,jacket,jeans,73.239
96.60.247.235,447,36.1868,-86.5067,A1J7C4V2AZSHQX,TRUE,milk,tea,soda,juice,,beer,41.849,pencil,pen,marker,crayon,,charcoal,20.692,mexicans,chinese,indian,spaghetti,pizza,burgers,17.322,cake,brownies,cookies,cupcakes,donuts,cheesecake,28.352,action figures,football,soccer ball,basketball,blocks,dolls,20.75,lettuce,tomatoes,carrots,cucumbers,peppers,olives,16.028,beer,wine,tequila,cocktails,sangria,vodka,22.934,soccer,football,badminton,bowling,tennis,basketball,31.859,physics,chemistry,biology,geology,sociology,psychology,27.026,football,baseball,beanbag,hacky sack,tennis ball,softball,73.09,swimsuit,shorts,sandals,t-shirt,hat,sunglasses,25.229
96.75.20.97,699,30.45,-81.6624,A18WSAKX5YN2FB,TRUE,water,juice,,lemonade,beer,limeade,22.519,a pen,a pencil,a marker,,,,102.461,Mexican,chinese,hot dogs,burgers,sushi,pizza,39.241,cakes,cookies,tarts,donuts,eclairs,croissants,38.969,blocks,stuffed animals,Legos,toy soldiers,puzzles,video games,38.039,lettuce,tomatoes,onions,salad dressing,croutons,arugula,72.564,cocktails,beer,whisky,wine,,spirits,37.199,baseball,dodgeball,softball,football,soccer,basketball,23.174,encyclopedias,science magazines,physics,chemistry,geology,biology,40.412,a dodge ball,a Frisbee,hacky sack,baseball,football,soccer ball,107.828,swimsuit,,a bathing costume,a sarong,shorts,trunks,54.412
173.63.61.15,662,40.9572,-74.1604,A2A6FH0F7LD9ND,TRUE,water,soda,beer,juice,milk,sports drinks,25.098,pencils,pens,nail polish,lip stick,chalk,mascara,72.82,burgers,sandwiches,soup,tortillas,pizza,pasta,38.106,cheesecake,pudding,cupcakes,pie,candy,ice cream,25.106,balls,puzzles,dolls,stuffed toys,ipads,toy trucks,38.062,tomatoes,radishes,lettuce,cucumbers,cheese,eggs,28.496,wine,beer,vodka,cocktails,scotch,bourbon,26.229,football,baseball,tennis,football,soccer,basketball,18.978,nature,space,medicine,pschology,mechanics,physics,163.643,ball,frisbee,boomerang,darts,stuffed animals,toys,63.464,swimsuit,shorts,tank tops,,,hat,39.436
12.29.9.232,531,38.4073,-90.4368,ARQR5NIFA1AJ,TRUE,soda,beer,wine,milk,water,juice,20.661,a pencil,pen,lipstick,crayon,marker,phone,41.957,subway,dunkin donuts,cafe,jack in the box,rally's,quiznos,45.358,cake,smores,fruit,jello,pudding,ice cream,32.203,video games,books,drawing pad,chalk,water gun,yo yo,32.863,lettuce,tomatoes,onions,cheese,dressing,olives,17.684,water,Soda,,,,wine,17.548,racquetball,table tennis,football,basketball,baseball,soccer,26.445,biology,chemistry,zoology,physics,earth science,physical science,38.271,tire,football,baseball,soccer ball,axe,frisbee,31.8,swim suit,hat,sunglasses,,shorts,shirt,28.214
172.126.145.94,787,34.1078,-84.5026,A1BK15QBL5758M,TRUE,milk,water,tea,coffee,juice,lemonade,33.751,a pencil,a pen,a lipstick,an eyeliner,a crayon,a marker,66.525,Wendy's,Papa Gino's,Cheese Cake Factory,burger,cafe,P.F. Chang's,61.157,cake,cookies,brownies,donuts,cupcakes,pies,34.438,blocks,trains,balls,cars,puzzles,clay,35.248,cucumber,tomato,lettuce,carrots,celery,onion,26.43,soda,milk,tea,coffee,wine,beer,23.943,basketball,pickle ball,tennis,swimming,baseball,softball,36.801,geology,astronomy,biology,chemistry,physics,oceanography,93.251,a frisbee,a baseball,a hula hoop,a rubber ball,a tennis ball,a bean bag,112.953,swimsuit,shorts,tshirt,a hat,a sundress,sandals,63.71
72.180.186.40,578,25.92439,-97.4626,A5BMKZRGHNSRT,TRUE,Water,Milk,Juice,Soda,Beer,Wine,10.325,A pen,Paper,A phone,A pencil,a notepad,a tablet,93.897,Sandwiches,Soup,Pretzels,Pizza,Chinese,Indian,11.374,Cake,Cookies,Cupcakes,Pies,Pastries,Turnovers,20.081,Balls,Blocks,Stuffed Toys,Lincoln Logs,Video games,Books,40.609,Lettuce,Tomatoes,Cucumber,Carrots,Celery,Corn,16.381,Water,Soda,Beer,Wine,Vodka,Gin,11.452,Soccer,Baseball,Basketball,Football,Volleyball,Dodgeball,19.55,Astronomy,Biology,Chemistry,Zoology,Genetics,Physics,24.221,A baseball,a tennis ball,a soccer ball,a basketball,a football,a frisbee,19.004,Bikini,Tankini,Sarong,tank top,swim suit,dress,17.887
76.105.42.186,753,38.76801,-121.335,A24EAYGSHOXEGP,TRUE,water,juice,soda,seltzer,coffee,tea,143.647,a pen,a pencil,tablet,voice recorder,eye liner,lipstick,72.35,chinese,Mexican,Italian,Hot dogs,mexicans,Cheesburgers,37.455,tarts,donuts,eclairs,pie,cake,cobbler,27.165,video games,board games,baseball and bat,jump rope,jungle gym,tampoline,53.327,lettuce,carrots,tomatos,bell peppers,broccoli,asparagus,48.92,beer,wine,cocktails,,coke,vodka,53.774,polo,basketball,baseball,badminton,relay racing,backgammon,59.609,astronomy,videos about science,Displays of moon rocks,chemistry,physics,guest lecturers about physics,79.513,a football,a baseball,rocks,a beach ball,badminton,balloons,40.512,shorts,skirts,bathing suit,slacks,dresses,jeans,50.925
99.184.131.12,808,33.7838,-84.4455,A19UBZFVUWL1ES,TRUE,beer,wine,lemonade,milk,water,coke,18.288,pen,paper,pencil,crayon,notepad,,17.593,burgers,hot dogs,chick fil a,pizza,chinese,italian,22.081,brownies,tarts,cake,cupcakes,cookies,muffins,26.203,cards,board games,checkers,marbles,video games,bocce,44.018,lettuce,carrot,cucumber,tomato,cheese,celery,17.254,beer,wine,liquour,cocktails,coke,,25.973,soccer,basketball,football,frisbee,softball,lacrosse,27.365,physics,biology,chemistry,engineering,meteorology,geology,57.524,football,frisbee,softball,baseball,corn hole,horseshoes,23.444,shorts,a wrap,bathing suit,linen pants,bikini,speedo,49.282
172.115.116.106,897,34.2193,-118.984,A1O57XVTTB1PNZ,TRUE,seltzer,soda,juice,Beer,water,wine,53.213,a pen,a pencil,notepad,envelope,a crayon,voice recorder,82.148,Subway,S-Barro Pizza,sushi,chinese,a diner,Red Robin,65.688,cupcakes,danish,donuts,cake,cookies,macaroons,28.931,legos,action figures,candyland,an ipad,a ball,a puppy,69.686,tomatoes,italian salad dressing,croutons,grated cheese,romaine lettuce,avocado,44.809,Wine,,Beer,,cocktails,,67.859,racquetball,handball,tennis,bootcamp,weights,wrestling,67.867,biology,health,anatomy,physiology,chemistry,psychology,62.642,a frisbee,hacky sack,baseball,football,beachball,handball,63.954,a sarong,mini skirts,a maxi dress,a cover-up,a romper,jumpsuit,150.274
47.16.153.114,723,40.88229,-74.2152,AHYTT3T8W9Y9Y,TRUE,water,iced tea,lemonade,soda,sports drink,juice,37.623,pen,pencil,marker,crayon,,,25.216,pizza,mexicans,chinese,hot dogs,chicken sandwichs,seafood,79.683,cinnamon bun,cheesecake,cake,donut,pie,muffin,59.737,toy truck,barbie doll,puzzle,monopoly,stuffed teddy bear,,43.699,walnuts,cheese,lettuce,onion,tomato,grapes,43.362,iced tea,coke,coffee,hot tea,milk,beer,45.047,volleyball,baseball,football,soccer,rugby,lacrosse,62.959,biology,chemistry,anatomy,physics,astronomy,,39.604,football,baseball,frisbee,softball,tennis ball,,36.261,t-shirts,shorts,swimsuit,tank top,,,86.18
108.184.53.49,991,34.07159,-118.011,A33UH0X5UT1QRH,TRUE,water,soda,juice,milk,tea,coffee,47.771,pen,pencil,marker,crayon,eye liner,lip stick,48.386,chinese,hot dog on a stick,burger king,subway,burger,carls jr,45.92,cheesecake,cake,ice cream,,,brownies,47.916,video games,soccer ball,board games,puzzle,tablet,legos,51.607,lettuce,spinach,tomato,salmon,chicken,dressing,36.333,vodka,rum,whiskey,tequila,beer,gin,51.285,biking,aerobics,yoga,boxing,,,98.375,Psychology,science for dummies,the mad science book,stuff matters,,,156.271,football,baseball,frisbee,basketball,,,64.903,bikini,shirt,cover up,one piece bathing suit,,,54.501
67.207.253.125,889,34.5116,-96.9797,A3IKFI142RM8LE,TRUE,water,sodas,tea,milk,juice,beer,26.424,a pen,a pencil,crayon,a marker,voice recorder,phone,66.318,food court,restaraunts,burger,mexican,pizza,sandwich,76.922,donuts,pastries,bear claws,cake,cupcakes,pie,35.652,board games,sports equipment,dolls,toy cars,video games,building blocks,52.075,lettuce,bagged salads,vegetables,dressing,romaine,iceberg,55.904,margaritas,beer,wine,cocktails,,shots,50.566,basketball,soccer,baseball,volley ball,football,rugby,90.86,lots of science books,plenty of options,textbooks,book by acclaimed scientists,my favorite science book,a whole section of science books,73.199,a football,a basketball,a tennis ball,a volley ball,lawn darts,horse shoes,32.464,extra clothes,swimsuits,something you can borrow,an outfit you can have,something you can wear,lots of clothes you can look through,103.474
76.73.208.178,591,28.06841,-82.7593,A1RYZBXR1TYIXU,TRUE,water,soda,tea,juice,,,37.507,pen,pencil,crayon,marker,pens,eyebrow pencil,47.428,burgers,pizza,chinese,mexican,chicken,sandwiches,33.532,cake,pie,cupcakes,cookies,pudding,ice cream,42.565,blocks,trucks,coloring books,reading books,play dou,cars,54.853,lettuce,cukes,tomatoes,onions,olives,nuts,38.179,soda,water,beer,champagne,wine,cocktails,28.21,football,basketball,tennis,baseball,swimming,rowing,37.1,moon science,earth science,night science,day science,planet science,food science,51.491,football,baseball,basketball,frisbee,beach ball,ball,62.365,shorts,swimsuits,skirt,pants,dress,long pants,48.239
193.148.18.60,1523,40.7157,-74,A3RMVKG84XJDFG,TRUE,water,soda,beer,juice,,,105.712,pen,pencil,marker,,sharpie,highlighter,81.943,beef steak,pizza,pork,burgers,meat loaf,Egg sandwich,64.909,cake,swiss rolls,pie,,strawberry crumble,snickers rolls,161.13,Dolly,train toys,ball,throw ball,shoes,dresses,131.278,carrots,spinach,kale,cabbage,lettuce,red onions,97.331,cocktails,cider,beer,,whisky,wine,134.249,lacrose,baseball,Tagging,basketball,soccer,polo,153.524,Environmental science,Physics,Biology,Chemistry,Mechanics,Machines,79.108,ball bearings,frisbee,tennis ball,golf ball,rugby ball,spanners,121.337,sun glasses,shorts,shirts,slippers,sun screen,hat,95.125
108.210.16.216,1398,38.687,-121.348,A1BNGJBEWJS8WE,TRUE,beer,wine,water,soda,tea,lemonade,53.754,a pen,a pencil,chalk,an eyeliner,an eyebrow pencil,a marker,145.791,subway,dairy queen,KFC,chinese,california pizza,mexican,81.781,cupcakes,muffins,cakes,donuts,scones,eclairs,79.483,legos,tinker toys,building blocks,marbles,cards,games,49.795,lettuce,tomato,cucumber,green onion,avacado,dressing,97.363,cocktails,,,,beer,,113.587,soccer,tennis,baseball,volleyball,racquetball,tug of war,232.659,sea creatures,weather books,reptiles,african animals,planets,medical books,113.168,basket ball,teather ball,baseball,frisbee,soccer ball,boomerang,102.901,swimsuit,coverup,shorts,bikini,hair cap,halter top,110.642
72.129.129.92,669,44.5034,-87.9813,A2TDK0LD62WZ8Y,TRUE,soda,,milk,beer,juice,tea,23.754,pen,pencil,,a highlighter,,,97.727,chinese,Korean,Italian cuisine,Thai cuisine,Mexican,hot dogs,35.043,donuts,apple fritters,pie,,muffins,cake,35.813,building blocks,action figures,a soccer ball,board games,balloons,stickers and a book,67.97,lettuce,tomatoes,cucumbers,mushrooms,broccoli,croutons,21.301,wine,,beer,cocktails,bourbon,tequila,24.988,softball,volleyball,golf,track,soccer,basketball,43.786,zoology,astronomy,physics,botany,geology,chemistry,56.052,a frisbee,a football,a softball,a kickball,a baseball,a tennis ball,33.146,swimsuit,,robe,sandals,a halter top,shorts,66.23
73.194.199.39,912,39.7576,-74.2496,A3L0DCUXI7X3A9,TRUE,juice,,water,soda,,seltzer,28.544,a pencil,a pen,a crayon,a marker,a highlighter,charcoal,88.567,pizza,burgers,hot dogs,chinese,Thai,steak,33.958,cookies,cake,donuts,muffins,buns,flatbread,79.797,chess,checkers,Monopoly,cards,Playstation,Xbox,35.767,lettuce,peppers,carrots,celery,crutons,dressing,54.297,beer,,wine,,cocktails,wine coolers,33.835,basketball,racquetball,dodgeball,polo,baseball,football,94.112,geology,physics,chemistry,astronomy,botany,zoology,177.127,a football,a baseball,a softball,a basketball,a soccer ball,a dodge ball,34.275,shirt,shoes,pants,slacks,a vest,dress shirt,60.075
173.91.35.230,763,41.56219,-81.4842,A2A1FS0KVLJ9ZT,TRUE,sports drink,lemonade,,Juice,Milk,Water,19.112,Highlighter,Pen,pencil,,,marker,44.855,burgers,fries,chinese,milkshakes,chicken sandwiches,sub sandwiches,26.925,cake,cupcakes,muffins,cookies,ice cream,pie,27.224,trains,dolls,cars,video games,paint,board games,59.47,lettuce,croutons,onions,salad dressing,tomatoes,blue cheese,27.873,,cocktails,vodka,rum,,tequila,112.886,rugby,soccer,tennis,badminton,football,volleyball,63.102,Biology,Astrophysics,The Mitochondria and You,Botany,Science for Dummies,Isaac Newton's Theory of Gravity,177.484,basketball,baseball,football,frisbees,lawn darts,volleyballs,58.81,swimsuit,,,shorts,sarong,sandals,71.265
68.189.154.106,1503,35.04601,-81.981,AE1YA7Q3UKPRI,TRUE,water,sports drink,milk,tea,lemonade,juice,40.898,a pen,pencil,high lighter,crayon,marker,color,51.311,chick fil a,sabarro,Dairy Queen,Auntie Anne's,Corn Dog 7,Subway,114.651,cookies,cake,brownies,pie,ice cream,coke float,38.229,legos,trains,cars,board games,dinosaurs,robots,29.131,lettuce,tomatoes,olives,onions,cruotons,cheese,131.921,cocktails,beer,,scotch,wine,soda,589.932,soccer,football,baseball,basketball,volleyball,tennis,35.049,biology,space,animals,technology,periodic table of elements,gravity,132.027,baseball,bouncy ball,football,soccer ball,softball,ball,135.451,coverup,swimsuit,,,hat,sandals,49.526
169.231.121.238,315,34.4265,-119.863,A2G7F8S617H0BB,TRUE,soda,,,slurpee,ice cream,water,22.098,paper,pencil,note,voice recorder,beeper,buzzer,28.422,pizza,ice cream,tomatoes,pretzil,beer,wine,20.868,bread,pudding,coca cola,energy drink,fruit,,29.401,video games,not alcohol,baseball,football,soccer,airplane toys,29.423,salad,fruit,apples,bananas,lettuce,tomatoes,20.396,beer,vodka,,,wine,,16.25,football,wrestling,volleyball,soccer,rugby,baseball,22.795,algebra,chemistry,,trigonometry,calculus,combinatorics,18.4,baseball,football,sruiken,pillow,a condom,vodka,25.4,nudism,sandals,underwear,swimsuit,onesie,towel,27.654
184.170.250.73,1136,41.8486,-87.6288,A1E2O75TFFBOV1,TRUE,sports drink,water,soda,,Redbull,sporade,49.796,pencil,pen,marker,,,,94.122,Pasta Carbonara,lasagna,rissotto,sushi,pizza,BURGUERS,88.195,cake,cookies,pie,donuts,truffles,,94.663,baseball bat,memory game,iPad,puzzle,,,95.992,tomatoes,potatoes,onion,garlic,carrot,eggplant,53.265,cocktails,beer,wine,champagne,,soda,118.213,weights,hiit,spin,,,,79.491,,,,,,,66.227,basketball,Ping pong table,volleyball,,,,95.963,shorts,swimsuit,,pants,sandals,T-shirt,94.865
174.27.7.168,1322,43.6339,-116.294,A1QJ2VPPZG16EG,TRUE,Rootbeer,soda,,,,juice,46.93,phone,business card,receipt,pen,notepad,pencil,50.497,Chinese,Subway,Burgers,Orange Julius,Pizza,Gyros,78.132,donuts,cake,cookies,turnovers,biscotti,tarts,37.101,video games,board games,puzzles,Online computer games,Books,musical instruments,64.724,Lettuce,Tomato,Onion,Green peppers,radishes,carrots,60.379,cocktails,Beer,Wine,Whiskey,Gin,Liquors,43.921,swimming,soccer,tennis,basketball,softball,running,329.934,Animal books,Geology,Astronomy,Chemistry,Physics,Archaeology,70.804,frisbee,football,baseball,softball,medicine ball,playground ball,56.157,swimsuit,bathing cap,coverup,sandals,goggles,noseplug,52.676
76.18.78.237,693,35.69749,-105.982,A23TH591R5OPKP,TRUE,water,soda,seltzer,juice,tea,lemonade,34.358,a pen,a pencil,a crayon,a highlighter,a marker,,66.766,pizza,a court,burger,a fast restaurant,pasta,a salad bar,39.579,cake,cookies,pie,brownies,fudge,cupcakes,46.136,legos,jump rope,toy cars,coloring book,yo-yo,frisbee,90.05,tomatos,avocados,onions,carrots,beets,cucumbers,28.801,beer,wine,sodas,cocktails,sparkling water,juice,56.301,baseball,soccer,football,volleyball,hockey,track,27.605,biology,astronomy,ecology,physics,engineering,sociology,62.822,a frisbee,a tennis ball,a rubber ball,a football,an exercise ball,a baseball,109.184,swimtui,coverup,dress,shorts,sandals,a t-shirt,30.136
104.235.216.107,1111,36.25011,-83.5125,A1SOQ9Q35SASE4,TRUE,soda,juice,milk,beer,water,,25.677,pen,pencil,marker,crayon,eyeliner,lipstick,317.157,pretzel stand,Subway,burger,pizza,chinese,vending machines,56.988,donuts,cake,pretzels,crullers,baklava,cannoli,54.786,ball,doll,tablet,phone,video games,action figures,98.545,lettuce,spinach,tomatoes,carrots,dressing,crutons,27.396,whiskey,beer,wine,cocktails,liquor,rum,111.388,soccer,football,tennis,polo,basketball,volleyball,23.664,chemistry,geology,physics,botany,biology,astrology,33.002,football,frisbee,basketball,water balloons,bouncy ball,dodgeball,43.9,shorts,swimsuit,,sunglasses,hat,,39.664
208.76.252.4,483,41.8578,-71.4377,A3TI6XISG3CKJF,TRUE,water,milk,juice,soda,lemonade,tea,13.948,pen,pencil,highlighter,marker,,sharpie,40.884,burgers,hot dogs,sandwiches,chinese,Mexican,sushi,23.678,muffins,cupcakes,cookies,cake,cinnamon rolls,pie,28.048,ball,frisbee,coloring books,crayons,construction paper,markers,23.214,lettuce,tomatoes,croutons,dressing,cheese,onions,18.032,gin,tequila,vodka,rum,whiskey,wine,15.607,dodgeball,tennis,baseball,soccer,basketball,badminton,26.23,physics,biology,chemistry,marine biology,genetic makeup,cloning,42.442,baseball,frisbee,beanbags,juggling clubs,football,hacky sack,66.448,shorts,tank tops,swimsuit,sunglasses,hat,coverup,30.603
24.111.205.149,1350,44.7233,-92.4945,A2FZBKFL7SCHHL,TRUE,water,seltzer,soda,,,,68.221,a pen,a pencil,eyeliner,a lip pencil,lipstick,a crayon,116.531,mexican,burger,Burger King,Chipotle,Arby's,Wendy's,48.162,donuts,,long johns,cookies,pies,cakes,135.262,firetruck,Hot Wheels,Barbie dolls,G.I. Joes,coloring books,Cabbage Patch Kids,87.829,lettuce,,arugula,,endive,,188.534,beer,,,,,lager,145.777,football,baseball,soccer,volleyball,lacrosse,hockey,135.691,Psychology,Astronomy,Geology,Biology,Chemistry,Physics,86.59,a baseball,a football,a softball,a soccer ball,a volleyball,a beachball,87.798,a tank top,tshirt,swimsuit,sandals,sunglasses,hat,95.607
70.94.181.219,1379,32.85451,-97.1359,AVO68OLLL031X,TRUE,energy drink,beer,wine,cake,vegetable,cool drinks,28.577,lipstick,phone,keys,wipes,brush,snacks,61.615,pizza,sandwizz,pasta,rice,burger,chicken,122.333,mango desert,icecream,milk bar mini,momofuku milkibar,Dominique ansel bakkery,taiyaki,258.771,ball,toys,baby cycle,baby car,baby doll,clay,57.629,apple,pomegranate,pineapple,banana,cherry,strawberry,70.593,wine,whiskey,juice,brandy,smoothie,beer,92.551,Yankees,buffalo biki,lakers,american nk,texas rangers,soccer,86.504,books,tools,physics,magnet,blade,pin,38.937,ball,bat,cycle,gross cutter,winder,blade,186.989,innerwear,upperwear,shirt,trousers,swimsuit,towel,101.45
35.137.59.85,712,27.96001,-82.4614,A198MSVO1VTAT5,TRUE,milk,water,tea,juice,beer,soda,19.322,pen,pencil,paintbrush,crayon,,pastels,102.545,wendys,burger,chinese,chic fa la,KTP,Pizza,34.015,cake,cookies,brownies,rolls,pastries,bread,34.375,paints,balls,games,toys,crayons,legos,32.592,tomatoes,lettuce,salad dressing,olives,cucumbers,coutons,47.691,beer,margaritas,cocktails,water,soda,whiskey,56.701,swimming,hockey,football,soccer,baseball,basketball,133.301,biology,geography,physic,flight,chemistry,anatomy,66.346,basketball,volleyball,football,baseball,tennis ball,soccer ball,35.41,dress,swimsuit,shorts,tops,tshirt,pants,33.41
45.56.143.38,1811,40.7099,-73.9591,A1BKF0KULCF6Y6,TRUE,ice cream,cheese,water,milk,juice,wine,58.551,notepad,,,,,,122.587,vegetable grits,skillet banana,salad chicken,avocado sandwich,stuffed sweet potato,quinoa salad,106.654,deep fried dessert,frozen dessert,pastry,jellied dessert,cake,cookies,84.403,happy tree stacker,babe play gym,tiny pong,r and t crew club,slap ninja game,Laser race car,308.751,dinner salads,fruit salads,green salads,desserts,pasta,bound salads,89.055,Donuts,Baja fresh,Cake,Pizza,Hotdog,Chicken,220.913,cross-country,Aquatics sports,Motorsports,ball sports,adventuring,weights,110.23,Math,Hygiene,Nutrition,Aerobics,Law,Yoga exercises,100.521,handball,baseball,cricketball,football,bowling ball,bandy ball,82.836,swimsuits,,,sandals,,,159.341
24.140.56.56,672,40.8116,-81.4973,A2MHY064OSYIBI,TRUE,water,soda,,flavored water,tea,Gatorade,44.331,a pen,notepad,an index card,a pencil,an envelope,legal paper,42.182,burgers,fish,pulled pork,french fries,sushi,sandwiches,44.442,petit fours,cake,cinnamon rolls,pastries,donuts,cookies,36.881,dominoes,checkers,legos,dump trucks,Matchbox cars,Monopoly,51.526,lettuce,cabbage,ranch dressing,tomatoes,olives,vinegar,40.077,whiskey,vodka,cocktails,,rum,,43.295,jai alai,soccer,kickball,racquetball,tennis,hand ball,48.129,astronomy,chemistry,biology,physics,meterology,astrophysics,71.967,a ball,a frisbee,a stick,hacky sack,badminton,,62.93,a swimsuit,coverup,shorts,tshirts,,,52.327
208.68.255.69,615,38.41859,-96.1844,A23PP8KERKRL8Z,TRUE,milk,beer,water,soda,juice,tea,23.854,Pen,Pencil,Marker,Crayon,Ink,,48.456,burger,arby's,chick fil a,chinese,subway,renzio's,23.591,muffins,bagels,pretzels,cakes,cupcakes,cheesecake,19.956,balls,dolls,blocks,trucks,books,stuffed animals,43.442,iceberg,romaine,cabbage,arugula,carrot,onion,23.087,beer,wine,tequila,vodka,whiskey,absinthe,20.28,Basketball,Football,Soccer,Hockey,Baseball,Lacrosse,69.312,chemistry,biology,earth science,space science,geology,psychology,47.294,a football,a baseball,a frisbee,a tennis ball,a soccer ball,a basketball,35.639,shorts,swimsuit,towel,,,,27.132
24.21.247.57,541,45.4805,-122.636,A1IQUHRI7G63YF,TRUE,water,milk,beer,soda,juice,tea,26.782,a pencil,a pen,a crayon,voice recorder,camera,a computer,51.412,a court,a restaurant,hot dog cart,soft pretzels,pizza,a cafe,56.565,donuts,cakes,pies,tortes,cookies,pastries,24.326,blocks,toy cars,action figures,puzzles,marbles,cards,37.099,lettuce,carrots,tomatoes,celery,mushrooms,onions,30.497,beer,wine,whiskey,cognac,cocktails,soda,23.227,soccer,football,hockey,basketball,volleyball,baseball,34.531,biology,chemistry,physics,anatomy,zoology,astronomy,69.359,a baseball,a football,a frisbee,a soccer ball,a boomerang,paper airplane,59.027,shorts,swimsuit,sunscreen,spare clothes,a change of clothes,an extra set,58.83
47.146.132.128,965,34.41789,-117.306,A55CXM7QR7R0N,TRUE,water,juice,soda,kool aid,punch,milk,132.598,pen,pencil,eyeliner,lipstick,crayon,marker,59.192,hot dog on a stick,chinese,pizza,burger,pretzels,subway,46.625,cupcakes,cookies,danish,donuts,cheesecake,cinnamon rolls,136.002,puzzle,video game,race car,dominos,legos,train,34.649,lettuce,tomato,dressing,croutons,onions,avacado,35.8,beer,wine,coke,tea,water,juice,27.456,tennis,racquetball,body building,track,swimming,baseball,79.965,history,math,geology,economics,government,english,102.824,football,softball,frisbee,hacky sack,baseball,soccerball,58.176,shorts,swimsuit,tshirt,,sandals,towels,62.923
68.104.193.25,747,33.5645,-111.89,A3VL1CBZ3BGQK7,TRUE,water,milk,soda,juice,energy drinks,coffee,54.476,a pen,a pencil,a crayon,a marker,a highlighter,an eye liner pencil,51.73,pizza,indian,mexican,chinese,hot dogs,burgers,28.745,cupcakes,brownies,cookies,pie,cake,tarts,47.959,an xbox,a wii,a playstation,a soccer ball,a toy car,a board game,55.066,lettuce,cucumber,dressing,croutons,tomatoes,onion,35.466,cocktails,wine,beer,,,,89.848,basketball,football,tennis,volleyball,pickleball,soccer,71.168,Anatomy,Biology,chemistry,physics,astronomy,earth science,79.247,a football,a baseball,a frisbee,a tennis ball,a beach ball,a volleyball,95.229,sandals,,shorts,tshirts,swimsuit,hat,50.176
47.204.36.111,695,28.0946,-81.499,A2XPWASDT8AYXH,TRUE,soda,,,beer,wine,water,29.68,pen,pencil,phone,voice recorder,chalk,ink,62.93,hot dogs,burgers,mexicans,sandwiches,grinders,fish,34.953,pie,,,,donuts,crullers,29.007,ball,toy,stuffed animal,toy car,toy boat,rattle,49.54,tomato,lettuce,kale,croquets,onions,strawberries,41.105,Soda,water,lemonade,beer,wine,whisky,36.423,baseball,hockey,football,running,soccer,golf,25.865,astrology,how to be scientist,chemistry,astrologist,epidimeologist,botanist,112.025,football,baseball,soccer ball,frisbee,javelin,kickball,36.2,swimsuit,shorts,,pants,underwear,wet suit,34.071
172.14.90.179,473,39.03529,-94.4636,A194ZN1R8H5YWJ,TRUE,Water,Milk,Soda,Juice,Beer,Coffee,21.215,Pen,Pencil,,marker,quill,crayon,29.403,cafe,Subway,burger,Pizza,chinese,Gyros,27.207,Eclairs,Puff Pastrys,Scones,cookies,Pie,cake,23.01,baseball,trampoline,video games,books,chalk,coloring books,31.461,Salad greens,dressing,tomatoes,croutons,cheese,cabbage,28.484,soda,water,chocolate milk,coffee,tea,cocktails,25.706,volleyball,frisbee,baseball,basketball,soccer,rugby,27.093,Science 101,Biology,Chemistry,Physics,Natural World,The Environment,51.028,football,basketball,baseball,soccer ball,frisbee,volleyball,39.665,swimsuit,tank top,,dress,coverup,shorts,32.998
72.192.57.219,564,41.99159,-72.56,AA5ZDXAA2DLY1,TRUE,juice,milk,soda,water,koolaid,coffee,38.678,a pen,a pencil,a marker,a crayon,a highlighter,chalk,55.977,Dunkin' Donuts,Subway,Panera Bread,burger,Au Bon Pain,Domino's,36.001,pie,donuts,brownies,cake,cookies,cupcakes,33.073,a board game,action figures,video games,computer games,bicycle,playing cards,32.205,lettuce,tomato,olives,onions,spinach,peppers,25.661,cocktails,,Tequila,Beer,Wine,Rum,25.705,football,soccer,lacrosse,hockey,baseball,basketball,25.781,biology,astronomy,archaeology,anthropology,geology,zoology,33.724,baseball,frisbee,boomerang,tennis ball,softball,beach ball,29.501,swimsuit,shorts,t-shirt,,wetsuit,,37.198
107.200.209.55,621,33.395,-86.8348,A3KFFIBJZVM0J2,FALSE,Meat,Butter,salad,Fruit,condiments,Eggs,21.56,Chap stick,Wallet,Keys,Make up,medicine,Tampon,106.51,department,shoe,jewls,Arcade,fashion,toys,47.213,Bread,Sandwich,Coffee,Tea,Water,Juice,51.522,Refrigerator,Table,Couch,Oven,Cabinets,Toilet,22.449,Chips,Beer,Lottery tickets,Candy,Beef Jerky,Cigarettes,34.149,Burgers,Fries,sandwich,wings,Salad,Tacos,69.944,spin,Running,Yoga,Dance,Meditation,Calisthenics,45.717,Architecture,Mathematics,History,Art,Accounting,English,53.179,Lawn mower,hand tools,,Car,gas,Paint,13.682,Shoes,toys,Stuffed animals,Arts and crafts,Coats,storage,60.57
174.106.148.44,351,34.4344,-77.9234,A3QRZPJT2CT2IK,FALSE,salad,meat,cheese,condiments,,,14.101,Gum,Mints,makeup,pepper spray,hand sanitizer,mask,22.96,Shoes,Purses,Luggage,clothing,Toys,jewls,30.152,Fruit,Smoothies,Crackers,Meat,Chips,Vegetables,19.124,Books,Paper,Food,Blanket,Chair,Table,25.2,Chips,Crackers,Oysters,Potatos,Paper plates,Water,35.09,Dessert,Appetizers,Water,Entrees,Salad,Coffee,37.876,dance,tennis,track,skiing,gymnastics,yoga,26.55,Social Studies,English,Spanish,Math,Mythology,Art,20.149,sports gear,,lawn mower,bucket,hose,gardening supplies,19.761,Pants,Suit,Sweatshirt,Boots,T-shirt,Leggings,19.213
70.178.97.52,973,36.317,-94.1568,AOP9WB55GYGL7,FALSE,Meat,Eggs,Condiments,Pickles,Leftovers,Yogurt,55.09,Books,Binder,water,Paper,,,115.938,clothing,card,toy store,electronics,stuffed animals,gag gift,57.182,Croissants,Donuts,Muffins,Banana bread,Regular bread,Scones,74.774,Dishes,Clothes,Computers,TV,Couch,Bed,53.783,Cigarettes,Alcohol,Soda,Candy,Ice cream,Bread,61.61,Soda,Tea,Coffee,Hamburgers,Salads,Cheese sticks,82.86,weights,Running,Yoga,Pilates,Endurance training,,59.447,Math,English,History,Psychology,Computer programming,Ecology,69.12,Car,Boxes,Tools,workout gear,Couch,Paint,71.447,Board games,Coat,Pants,Jacket,storage,Long sleeve shirt,82.935
68.93.135.50,574,38.2213,-85.7396,A3HHDPKL3O3O7Y,FALSE,cheese,leftovers,vegetables,,yogurt,ketchup,42.85,wallet,keys,phone,chapstick,hand lotion,hair ties,27.969,shoes,clothing,department,jewls,book,repair,37.09,bread,pizza crust,biscuits,hamburger buns,,,83.127,table,chairs,coffee table,bed,refrigerator,stove,23.793,chips,bread,milk,pretzels,beef,hot dogs,29.175,sushi,bruschetta,steak,french fries,chicken parmesan,spaghetti,44.841,weights,spin,cardio dance,pilates,yoga,HIIT,49.258,American history,engineering,mathematics,writing,ancient civilizations,philosophy,79.832,bicycle,tools,gardening tools,car,skateboard,chairs,37.425,coat,scarf,boots,jeans,Sweatpants,ties,22.502
140.186.218.74,543,46.8907,-96.9258,A2RHE12CJSKCRE,FALSE,condiments,bread,pizza,pasta,,meat,18.702,lipstick,wallet,money,picture,phone,,19.479,clothing,electronics,deparment,,,,35.331,bread,water,orange juice,soda,bagel,butter,37.238,TV,ipad,phone,video games,board game,ball,22.682,eggs,bread,apple,orange,pepper,noodles,26.054,chicken,salad,breadsticks,pasta,fruit,veggies,35.097,yoga,swimming,cardio,spin,stretching,sleeping,50.882,English,Algebra,history,Health,Sociology,Chemistry,27.676,bike,trampoline,workout gear,radio,rollerblades,boots,30.808,boots,shoes,belt,jacket,sweater,towel,43.3
172.113.150.200,812,33.8474,-118.116,A37E2SOKV6I0VZ,FALSE,Eggs,meat,Pizza,Bread,Pasta,leftovers,52.943,Wallet,Phone,Keys,Comb,mirror,Make-up,52.745,clothing,books,appliances,video games,furniture,electronics,58.872,Bread,Bagels,Biscuits,Tortillas,Pizza,Grains bar,94.837,Lamp,Hair Dryer,Fan,Mattress,Couch,Dining Table,48.41,Steak,Macaroni,Eggs,Pancakes,Milk,Donuts,46.932,Water,Soda,Coffee,Milk,Juice,Tea,53.26,Swimming,Golf,Karate,Fencing,Ice Skating,Skiing,78.792,Fantasy books,History,Mystery books,Romance Books,Biographies,Newspapers,56.185,Car,Toolbox,Iron Shelf,Broom,gardening tools,Electric Cables,78.165,Coat,Gloves,Boots,Jeans,Suit,Sweater,50.616
76.97.200.31,920,34.2037,-84.1031,A1NCO5A4JYHGKQ,FALSE,Fruits,Vegetables,Left overs,Cheese,condiments,,43.018,Phone,Wallet,Candy,glasses,Lotion,Books,70.972,shoes,coat,knick knack,stuffed animals,department,electronics,56.292,Bread,Rolls,Croisants,Bagels,Pretzels,,71.371,TV,Vacuum cleaner,Mop,Gun,Makeup,China cabinet,87.108,Bread,Canned goods,Beans,Candy Bars,Chips,Milk,51.858,Coke,Tea,Milk,Juice,,Water,54.898,Aerobics,Swimming,spin,Yoga,weights,,62.137,Geometry,Algebra,Social Studies,Physical Education,Music,Classic Literature,138.229,Hose,Bicycle,Hover Board,Skateboard,Lawn Mower,Car,73.959,coat,jeans,pants,Tuxedo,Suit,,49.937
99.135.45.101,739,25.6958,-80.3626,A15XIKX3PI7SLK,FALSE,leftovers,vegetables,fruits,salad dressing,Cheese,,73.849,Lipstick,Wallet,Keys,money,book,Phone,71.805,clothing,Phones,video game,shoe,luggage,toys,41.729,Bread,Bagels,Muffins,Toast,Cream,,45.484,A clock,A gun,Pencils,Pens,Scissors,Stapler,33.87,Chips,Pretzels,Hotdogs,Soda,Hamburger,Sandwich,30.592,Soda,,,Water,wings,Hamburger,35.6,Yoga,Running,Jogging,weights,Treadmill,Strength training,66.917,History,Economics,Sociology,Property Law,Art History,Math,81.638,Lawn mower,gas,hand tools,,Car,Tires,54.614,coat,Pants,shoes,A jacket,A scarf,A dress,49.367
173.66.165.57,753,38.82629,-77.2111,A1W1X3S1Y0RKF3,FALSE,Vegetables,Fruit,Bread,Pizza,leftovers,Overnight oats,80.912,Phone,Wallet,Keys,Chapstick,charger,Makeup,23.713,clothing,video games,furniture,department,bathroom,sitting area,34.36,Bread,Sandwiches,Coffee,Breakfast pastries,Soft drinks,Salads,83.201,Refrigerator,TV,Bathtub,Oven,Table,Pantry,31.862,Frozen meals,Chips,Soda,Medicine,Batteries,Coffee,38.513,Pizza,Burgers,Fries,Fried rice,Shrimp,Steak,22.712,spin,Yoga,Pilates,weights,Zumba,Dance,68.564,English,History,Math,Government,Economics,Medieval literature,59.268,Car,Tools,Workbench,Motorcycle,Refrigerator,Canned food,27.141,Coats,dress shirt,Dresses,Jeans,Workout clothes,shoes,30.955
72.185.158.23,873,28.2137,-82.6809,AD21ES5UMD77U,FALSE,fruits,,salad,hot dogs,condiments,left overs,54.006,brush,comb,makeup,drivers license,lip stick,wallet,41.709,clothing,department,electronics,jewls,salon,glasses,70.101,bread,chicken pie,pizza,pretzels,potato chips,jerky,94.685,books,flower vases,statues,television,art,knick nacks,60.329,soda,beer,chips`,jerky,candy,water,50.851,steak,fish,lobster,hamburgers,pasta,pie,54.945,exercise classes,yoga,swimming,karate class,weights,dancing,110.682,math,english,geography,philosophy,accounting,gender studies,59.022,tools,car,lawnmower,gardening tools,paint,trash can,27.173,jeans,sweatpant,shirt,suit,coats,boots,94.477
69.47.35.104,1283,41.6904,-87.6157,A14WLAP6TCEKO0,FALSE,meat,eggs,cheese,bread,pie,yogurt,52.019,wallet,keys,money,makeup case,lipstick,glasses,67.11,clothing,electronics,art,movie rentals,repair,music,77.398,bread,water,potato chips,pasta,vegetables,dinner rolls,70.844,repair tools,computer gear,art supplies,books,office supplies,food,91.006,fruit,meat,milk,cheese,packaged food,drinks,42.905,bread,pasta,chicken,steak,pork chops,tofu,384.132,yoga,meditation,aerobics,weights,exercise classes,nutrition,100.329,art books,graphic novels,mystery novels,manga,fashion magazines,historical novels,63.947,boxes,car,auto gear,shelves,lawnmower,motorcycle,128.545,dress,suit,work clothes,pants,shirts,shoes,42.23
96.245.219.69,328,40.14349,-75.3779,AKQAI78JTXXC9,FALSE,vegetables,fruit,leftovers,cheese,meat,,26.49,wallet,id,receipts,nail file,makeup,phone,37.185,clothing,shoe,book,kiosk,music,appliances,21.971,bread,pastries,cinamon rolls,baguettes,scone,donut,32.254,table,chair,sofa,door,bathroom,tub,17.433,newspaper,sandwich,candy,soda,coffee,energy drinks,23.285,lobster,hamburger,Fries,onion rings,salad,turkey,21.304,yoga,stretching,swimming,meditation,exercise classes,fitness,25.191,history,sociology,psychology,philosophy,music theory,women's studies,36.753,car,lawnmower,snowblower,ladder,hand tools,bench,15.974,shirt,tie,hangers,storage,pants,fur suit,23.033
99.62.37.8,416,39.78011,-86.0557,A3BJNFU4T7RU11,FALSE,Butter,fruits,,,Biscuits,Cheese,34.235,Makeup,Cell Phone,Wipes,Mirror,Keys,Wallet,22.778,electronics,,,Stuffed Animals,jewls,Pretzels,38.65,Bread,Coffee,Water,Biscuit,Nuts,Jerky,27.482,Guns,Knives,Belts,Helmets,Televisions,Books,31.233,Sodas,Water,Chips,Nuts,Jerky,Milk,15.456,Pizza,Hamburgers,Fries,Panini,Soup,Bread,22.063,Yoga,jazzercize,Dance Workout,Dance Class,Ballet Class,Racquet Ball,39.774,Math,English,Russian Language,Music,Art,Fashion,32.617,Wheels,hand tools,Tools,Car,gas,Fan,24.735,Shoes,Socks,Makeup,Hairdryer,hangers,CD Player,33.478
216.106.39.5,549,38.5773,-92.2443,A1X2NKYJNHB1A5,FALSE,eggs,syrup,cheese,yogurt,condiments,,31.603,wallet,keys,lipstick,money,,calender,36.383,clothing,jewls,perfume,toys,electronics,makeup,40.702,bread,sandwiches,cheese,spices,fries,drinks,59.878,beds,table,couch,television,shelves,bathtub,27.264,meats,bread,eggs,cheese,yogurt,ketchup,24.511,burgers,salads,fries,chicken,fish,soups,21.778,karate,spin,aerobics,weights,treadmill,running,54.999,math,history,spanish language,art,english,economics,67.283,bike,car,workout gear,tools,motorcycle,lawnmower,34.475,work clothes,tshirts,jeans,sweatpants,shorts,skirts,37.929
216.37.255.2,510,41.27229,-75.8887,A20VH0U95N7M0T,FALSE,Fruit,Vegetables,Eggs,Bread,Meat,Fish,25.609,Bandaids,Earbuds,coffee,wallet,lipstick,money,34.976,jewls,Video Games,clothing,Shoes,Perfume,Calendars,32.074,Meat,Cheese,Eggs,Fruit,Vegetables,Water,21.878,Crayons,Pens,Pencils,Food,Paper,Markers,27.063,Fruit,Chicken,Beef,Seafood,Bread,Eggs,24.783,Applesauce,Pineapple,Eggs,Bread,Meat,Bacon,45.885,Push ups,Jumping Jacks,Rowing Machine,Trampoline,Stair climber,Circuit,47.39,Math,Dinosaurs,Crafts,Psychology,Art,Finance,33.085,Board games,Videos,Old clothes,bike,Motorcycles,workout gear,59.55,Purses,Hats,Fabric,Yarn,Frisbees,Balls,42.117
47.224.3.201,651,44.2504,-85.43,AOEO9ZV81R0I4,FALSE,eggs,steak,condiments,,,pickles,30.7,Lipstick,money,,phone,handgun,tissues,41.759,clothings,hardware,carpet,Photo Booth,T-shirt booth,Theater,77.138,bread,pretzels,pizza,calzones,stromboli,breadsticks,68.168,Books,pillows,furniture,knives,piano,tools,68.57,beer,pretzels,pop,wine,donuts,chicken,21.481,sandwiches,chicken,steaks,pasta,omelets,dessert,33.524,Yoga,Running,jogging,weights,meditation,swimming,113.601,math,english,history,social studies,creative writing,art,29.837,Car,lawnmower,hand tools,,motorcycle,snowmobile,29.559,suits,jeans,blouses,pjs,underwear,shoes,29.896
172.251.100.127,668,34.1649,-119.172,AV7A20KYBTQHL,FALSE,bread,butter,salad,condiments,meat,,34.72,lipstick,comb,medecine,wallet,,mirror,37.13,salon,retail,electronics,shoes,clothing,accessories ,43.652,bread,rolls,muffins,croissants,,,69.565,books,water bottles,canned food,TV,chair,coffee cup,60.554,canned goods,milk,bread,soda,chips,napkins,31.708,burgers,fries,Wings,sandwiches,pie,ice cream,34.398,weights,yoga,spin,stretching,dance,karate,102.536,math,English,psychology,history,art,Spanish,52.547,tools,gardening tools,,auto gear,,,32.488,coat,shoes,shirts,pants,scarves,hats,50.939
216.106.30.98,577,38.5773,-92.2443,A2DVV59R1CQU6T,FALSE,meat,milk,salad,vegetables,,,46.24,mints,money,,keys,tampons,tissues,28.15,candy,book,sports,fountain,escalators,elevators,60.269,bread,bagels,biscottis,coffee,sandwiches,wraps,57.561,table,chairs,bowls,spoons,couch,forks,19.452,chips,soda,liquor,hot dogs,jerky,cigarettes,25.288,ahi tuna,salad,,takoyaki,bee bim bop,galbi jjim,43.206,personal training sessions,rock climbing,singles tennis,weights,running,karate,54.093,crafts,mathematics,psychology,philosophy,modern art,cinematography,39.375,car,vice,hand tool,tires,work bench,nails,29.797,coat,shoes,umbrella,collar stays,ties,dress shirts,45.01
162.231.57.35,418,32.74049,-117.093,A1ZDR2UN7M92LI,FALSE,eggs,meat,butter,salsa,fruits,,21.704,lipstick,makeup,purse,money,tissues,knife,19.034,shoe,electronics,clothing,pet,perfume,sports,26.368,coffee,sugar,chicken,beef,flour,eggs,42.386,knives,gunes,drugs,paintings,table,couch,32.589,burrito,popcorn,candy,beer,liquor,poppers,36.537,hamburgers,salads,steak,chicken,fish,pork,22.215,golf,muay thai,jiu-jitsu,tai chi,javelin toss,weights,60.946,math,art,english,poetry,survival,religion,25.56,car,tires,tools,lawnmower,snowblower,gas,30.01,coat,scarf,beanie,boots,underwear,gloves,31.872
207.157.204.80,701,34.1851,-118.771,A2OZKKX2O0YTLD,FALSE,salad,condiments,vegetables,,Jelly,,43.884,wallet,lipstick,keys,money,water,snack,50.334,clothing,makeup,guest services,jewls,stuffed animals,Video games,56.325,Bread,Coffee/Tea,Bagels,Danishes,Croissants,Biscuits,126.286,glass ornaments,aggressive pets,marbles,tide pods,bleach,microwave,83.336,rice,bread,milk,orange juice,soup,granola bars,30.619,Appetizers,Soups,Salads,Steaks,Pastas,Pizzas,29.404,Yoga,Pilates,personal training,Zumba,,Meditation,62.345,Romance,Mystery,Fiction,Cooking,Children's,Crafting,33.362,bbq,car,boxes,lawn mower,gardening tools,washing machine,45.274,towels,boots,ties,coats,purses,suit,61.736
108.88.254.134,755,32.86189,-90.4015,A1VBZWAHLWQMXM,FALSE,Left overs,meat,Eggs,,Ice,yogurt,43.202,Lipstick,compact,keys,perfume,phone,organizer,39.72,Clothing,Electronics,Shoes,Toys,video games,jewls,61.344,Bread,Rolls,,,,,61.199,TV,Stereo,Couch,table,bed,dresser,24.974,Bead,Cigarettes,Meat,Candy,Cookies,Canned food,41.987,Water,Soda,Food,Desserts,Appetizers,Tea,41.675,Exercise,weights,Aerobics,Yoga,Nutrition,Using Exercise equipment,92.138,English,Math,Civics,History,Cooking,Health,72.667,Tools,Lawn mower,Gardening supplies,gas,Small refrigerator for water,Work shoes,55.262,Pants,Shoes,Belts,Tops,coats,jackets,39.096
130.45.59.202,1010,29.4873,-98.4532,A1RQLE4ZMTU22A,FALSE,meat,salad,fruits,vegetables,condiments,eggs,46.851,chap stick,mints,wallet,tissues,money,paperclips,59.888,clothing,electronics,shoes,books,hats,jewls,66.616,bread,bagels,biscuits,sandwiches,salads,focaccia,111.142,a tv,a rug,lamps,a refrigerator,chairs,a mop,65.021,soups,cereal,soda,bottled water,pet food,coffee,51.816,soda,water,tea,lemonade,fruit drinks,salad,51.551,yoga,pilates,spin,aerobics,HIIT,boxing,93.815,economics,mathematics,Literature,Geology,History,Statistics,88.977,a car,a hose,gardening tools,tires,oil cans,gas,42.98,suit,hats,shoes,gloves,a vacuum cleaner,a backpack,52.203
71.59.101.142,1109,40.0296,-74.8834,AKMIORNF40ST7,FALSE,water,soda,,,,juice,79.541,work,camping,vacation,drink,eat,watching movie,66.137,meat,chicken,pork,salad,burger,shrimp,108.939,fruits,cake,ice cream,cheese cake,chocolate,do nut,53.409,aunt,uncle,cousin,grandma,grandpa,father,48.644,lettuce,egg,mayo,tomatoes,union,vinegar,77.166,soda,juice,beer,wine,water,milk,50.212,football,basketball,hockey,baseball,running,swimming,61.37,english,health,music,story,comic,game,43.806,paper,ball,bat,stick,card,wire,117.244,swimsuit,shirt,short,racesuit,brief,jammer,216.457
173.66.109.48,1118,39.08279,-77.1674,A13WTEQ06V3B6D,FALSE,pizza,ice cream,vegetables,fruit,meat,condiments,26.718,phone,keys,wallet,tissue,water,pepper spray,27.782,clothing,shoes,electronics,bathroom,jewls,gifts,30.347,bread,coffee,soda,pizza,cups,utensils,33.045,alcohol,books,work tools,workout equipments,vase,adult games,108.309,bread,soda,pasta,fish,rice,milk,36.319,pizza,burgers,fries,salad,ribs,tacos,20.461,art class,acting class,day care,video game sessions,individual sports,swimming,36.087,math,english,architecture,art,business,finance,42.537,lawn mower,car,gardening tools,gardening supplies,,leaf blower,38.679,jacket,coats,sweater,jeans,suits,dress shoes,29.66
73.198.108.165,921,40.6368,-74.3727,AADRZTXSE7211,FALSE,Eggs,Cheese,Sour cream,,meat,fruits,67.857,Mirror,Lipstick,Wallet,Phone,Tissues,Hand sanitizer,68.782,clothing,theater,Bathroom,Concierge Desk,electronics,makeup,57.299,Sandwiches,Bagels,Bread,Bottled water,Coffee,Tea,96.145,Lamp,Picture,Mop,Broom,Stove/oven,Dishwasher,40.801,Bread,Muffins,Frozen pizza,Granola bars,Chicken leg quarters (pre packaged from Perdue),steak,71.992,Wings,Mozzarella sticks,Onion rings,Beef sliders,Chicken fingers,,44.569,weights,Stairclimbers,Treadmills,Exercise balls,,,111.077,History,English,World Literature,Computer programming,Art/Painting,Philosophy,63.738,Car,Ladder,Lawnmower,gas,gardening tools,,71.246,Suit,Ties,Socks,Shoes,dress shirt,Belts,25.426
73.73.232.50,396,41.5092,-87.5938,ADP1QUGXHGJRS,FALSE,meat,condiments,,,vegetables,,23.649,mirror,comb,wallet,money,,makeup,24.257,shoe store,hat store,jewelry store,water fountain,watch store,playground,36.691,bread,sandwich,coffee,tea,smoothie,fruit,24.664,tv,stove,kitchen,fork,microwave,chair,22.802,liquor,cigarettes,ice cream,candy,chocolate,chips,28.596,soda,ice cream,pizza,pasta,burgers,sandwiches,19.726,zumba,yoga,running,weights,swimming,personal training,27.829,math books,fiction books,history books,maps,novels,drawing books,33.37,lawn mower,car,bike,broom,stool,hand tools,31.967,dress,suit,shoes,hat,gloves,coat,20.155
69.80.86.184,846,33.9133,-80.3587,A28RL79ONUXTET,FALSE,eggs,butter,vegetables,meat,bread,cheese,58.75,lipstick,tissues,gum,eye shadow,money,perfume,81.924,clothes,toys,furniture,video games,,,69.977,scones,coffee,hot chocolate,sandwich,,,48.139,couch,refrigerator,chair,table,plant,pillow,72.247,chips,gum,chocolate,bread,meat,pizza,30.405,burger,fries,taco,hot dog,pizza,ice cream,21.346,yoga,aerobics,weights,dancing,,,63.285,history,spanish,english,geometry,social studies,algebra,96.801,car,bike,tires,hand tools,workout gear,,43.696,boxes,toys,hockey stick,golf clubs,books,safe,76.033
71.63.47.189,1370,37.3392,-77.4175,A2OVX9UW5WANQE,FALSE,butter,sour cream,cheese,jelly,fruits,,28.362,gum,keys,phone,mascara,powder,paper,26.397,shoes,toys,gifts,pets,department,music,24.196,coffee,tea,crackers,sandwiches,chips,bread,24.946,sofa,table,chair,stove,washer,dryer,16.275,beer,wine,cigarettes,napkins,milk,bread,18.9,burgers,pizza,fries,sandwiches,chips,bread,37.732,weights,swimming,walking,running,,,31.76,literature,art,music,french,spanish,latin,21.534,lawnmower,bike,skateboard,paint,car,motorcycle,38.078,boots,scarf,gloves,slippers,robe,sweater,41.654
99.110.169.64,1308,39.94009,-82.8965,A8I7F0DCNZVGS,FALSE,Butter,Leftovers,Eggs,Bread,Yogurt,Meat,38.188,Taser,Makeup,Wallet,Phone,Headphones,Jacket,53.833,clothing,electronics,Perfume,jewls,,Furniture,85.791,Bread,Biscuits,Coffee,Scones,Flatbread,Crackers,307.507,Books,Jewelry,Food,TV,Wall paint,Furniture,60.214,Instant noodles,Pizza,Burgers,Chicken,Snacks,Hot dogs,61.775,Chicken,Ribs,fries,Macaroni,Salad,Burgers,43.808,Yoga,Dance,Meditation,weights,Martial Arts,Treadmill,92.88,English,Math,Social Studies,History,Foreign Language,Music,54.309,TV,Furniture,Cars,workout gear,hand tools,,46.037,Sweater,Pants,Shoes,Hats,Coats,Wigs,66.621
98.194.131.163,708,30.04089,-95.5302,A10IUXCZBNYUXC,FALSE,salad,leftovers,condiments,,cheese,meat,48.025,lipstick,candy,mints,mascara,mirror,phone,30.015,internet,clothing,electronics,jewls,junk,perfume,43.123,Bread,muffins,flatbread,bagel,donuts,biscuits,77.733,couch,clothes,refridgerator,freezer,stove,oven,41.053,Potato Chips,candy,drinks,canned vegetables,chicken,frozen pizza,52.132,Cheese sticks,chicken tenders,steak,mashed potatoes,chili,breadsticks,29.501,swimming,tennis,skateboarding,sports shooting,archery,weights,73.995,math,english,spanish,french,politics,history,24.837,car,tools,deep freezer,storage shelf,pool items,lawn mower,45.142,luggage,safe,hangers,iron,ironing board,bible,32.482
72.208.217.110,779,33.47929,-112.312,A2CUAZD7OJDFYR,FALSE,Eggs,Milk,Butter,Yogurt,Cheese,Juice,30.14,Keys,glasses,chapstick,reciepts,wallet,tissues,29.21,sports,disney,department,,jewls,Massage Parlor,58.359,Bread,muffins,baking pans,baking ingrediants,Order book,Coffee,70.729,Table,Couch,TV,Fan,Pictures,Dishwasher,41.974,Soda,beer,bread,chips,hot dog,magazines,50.485,Wings,Pizza,Salad,Ice Cream,Cheesecake,Fries,42.454,Yoga,Zumba,weights,Tanning,Personal trainer,Line dancing,111.075,History,Algebra,Music,Art,Cooking,Writing,61.512,Car,Bike,Lawn Mower,scooter,chairs,canopy,28.914,Jacket,Tshirt,Pants,hats,robe,,43.869
172.73.201.221,738,35.3084,-81.0256,AWKJJC3QFU9VW,FALSE,cheese,eggs,yogurt,meat,,fruits,52.147,money,lipstick,mirror,medicine,bandaid,mints,41.834,clothing,electronics,theater,music,grocery,carousel,69.281,bread,,pizza,bisuits,rolls,,56.373,couch,table,chair,oven,stove,refrigerator,63.934,steak,chicken,rice,potatoes,quinoa,broccoli,40.022,chicken,beef,pasta,fish,pie,cake,29.023,dance,spin,dance aerobics,weights,circuit training,step aerobics,90.782,English,Spelling,math,art,music,home economics books,69.814,car,tools,bike,sports gear,boxes,lawn mower,59.447,coat,sweatpants,gloves,jeans,sweaters,socks,45.195
107.5.199.80,616,42.9133,-85.8145,A1C7XI68SED8JE,FALSE,pickles,cheese,meat,soup,rice,pasta,31.686,lipstick,balm,scarf,umbrella,drink,food,37.018,clothing,tools,utensils,car,hats,shoes,76.897,bread,,,bread,bagel,cuban,40.325,furniture,rugs,pillows,art,utensils,tv,40.181,bread,milk,eggs,liquor,beer,soda,41.41,pizza,taco,hot dog,burger,bbq,fries,62.258,gym,swimming,sauna,tennis,yoga,weights,64.674,art,biology,literature,history,comics,magazines,46.54,car,boxes,bike,old clothes,tools,paint,37.982,cards,coat,toys,pants,shirt,sweater,60.223
66.208.97.30,1272,31.47121,-100.438,A1UYJ2DZ6SUXT,FALSE,condiments,,Pickles,meat,,Cheese,45.087,Wallet,money,Receipts,Keys,Trinket,Lint,64.952,clothing,Escalators,electronics,Health Goods Store,Fountain,Benches,66.157,bread,,,,,Biscuit,101.191,Couch,Blankets,Television,Books,Vacuum Cleaner,Mop,90.595,Bread,Lunch Meat,Chips,Nuts,Soda,Beer,46.167,Steak,Enchiladas,Chicken,Pot Roast,Fish,Pork,63.678,Yoga,weights,Treadmill,meditation,,,127.183,Economics,Government,English,Mathematics,Geography,Health,128.085,Vehicle,Tools,Bicycle,Freezer,Workbench,Trash Can,75.23,T-Shirts,jeans,shoes,Dress Shirts,pants,,60.561
47.234.184.10,701,32.7226,-97.0785,AEXA1CPBHT85H,FALSE,meat,Eggs,salad,condiments,salad dressing,vegetables,42.83,Books,Laptop,Binder,Folders,Journals,Headphones,38.483,clothing,Arcade,theater,Skating rink,glasses,salon,57.134,Bread,Sandwiches,Toast,Croissants,,,77.558,Television,Books,Carpet,Couch,Chairs,Table,38.65,Alcohol,Cigarettes,Soda,Chips,Canned food,Gum,39.38,Steak,Salads,Spaghetti,Pizza,Wings,Chicken Tenders,36.977,Yoga,weights,swimming,Zumba,,,88.83,History,Economics,Calculus,Statistics,Linear Algebra,English Literature,59.74,Lawn mower,Pool table,Television,Refrigerator,Laundry machines,Car,43.386,Dress shirts,Ties,Pants,Shorts,T-shirts,hangers,71.512
174.237.2.169,1022,36.14729,-115.22,A2CA2CUWD2BH07,FALSE,CHEESE,meat,salad,vegetables,,,50.574,MAKEUP,WALLET,HAIRBRUSH,CHECKBOOK,PHONE,tablet,76.34,books,department,shoes,sports,theater,video games,54.253,BREAD,ROLLS,PIZZA CRUSTS,BISCUITS,BAGELS,ENGLISH MUFFINS,61.001,BOOKS,TOOLS,DVD'S,POTS AND PANS,FURNITURE,ART SUPPLIES,77.082,BEER,CHIPS AND SNACKS,MILK,BREAD,CIGARETTES,NEWSPAPERS,43.501,SALADS,SANDWICHES,BURGERS,VEGGIE PLATES,CHICKEN OR BEEF ENTREES,PIE AND CAKE,84.947,AEROBICS,weights,EXERCISE CLASSES,Zumba,nutrition,SWIMMING,207.421,ART,ANIMALS,CRAFTS,TRAVEL,BIOGRAPHIES,SCIENCE FICTION,75.494,CAR,TOOLS,OLD NEWSPAPERS,WASHER/DRYER,BICYCLE,FREEZER,69.659,DRESSES,pants,SHOES,JACKETS,JEANS,BLOUSES,50.634
72.231.155.250,730,42.86079,-76.9915,A25ZZOSL7MVU22,FALSE,meat,Eggs,vegetables,Soy Sauce,Pasta,Rice,34.465,Tissues,Phone,Wallet,Gum,water,Keys,44.489,clothing,jewls,Play Area,Escalator,Bench,Windows,28.323,Bagels,Bread,Salad,Biscuit,Flatbread,Bun,68.36,Oven,Refridgerator,Knife,Gas Can,Power Tools,Razor,38.863,Chips,Soup,Gum,Cigarettes,Energy Drinks,Alcohol,56.857,Burgers,Tacos,Fajitas,Sandwiches,Salads,French Fries,31.482,Tennis,Personal Training,Squash,Golf,Boxing,Karate,63.153,English,History,Art,Music,Philosophy,Religion,35.081,Car,Broom,Freezer,Lawnmower,Powerwasher,Cabinet,38.829,Suit,Jacket,Overalls,jeans,Snowsuit,boots,37.24
142.197.43.44,1265,28.91071,-81.1957,A2FE6HDHREXIJ5,FALSE,fruit,vegetables,cheese,meat,,condiments,71.031,glasses,chapstick,wipes,sanitizer,money,wallet,50.882,clothing,hair brush,appliances,bed,couch,toys,85.317,bread,water,soda,tea,milk,coffee,83.92,books,movies,music,food,phone,bed,107.47,milk,water,soda,crackers,detergent,cake,48.642,dessert,pasta,chicken,steak,rice,mashed potatoes,87.383,cardio,yoga,zumba,strength,personal training,toning,244.905,music,art,history,math,social studies,language arts,61.613,car,tools,washer,dryer,table,chair,41.102,shoes,hat,belt,hangers,iron,blanket,50.248
72.228.93.32,1716,43.00999,-76.1496,A1B9H14AV44C0G,FALSE,butter,condiments,fruit,salad dressing,leftovers,cheese,126.475,wallet,keys,passport,cosmetics,phone,chap stick,270.008,toys,department,shoes,salon,sports,clothing,182.002,croissant,coffee,bagels,tea,hot chocolate,sandwich,126.935,television,bed,chairs,stereo/radio,books,couch,116.675,milk,soda,chips,bread,candy,boxed rice,91.461,chicken,salad,steak,cake,fish,pasta,68.178,swimming,aerobics,yoga,weights,exercise equipment,calisthenics,166.916,math,history,health,english,philosophy,art,58.438,tools,car,tool bench,hose,boxes,trash bags,55.336,coat,shoes,shirts,jeans,sweaters,dresses,44.663
70.172.187.42,680,41.59641,-71.2565,A2LF84L3K71GR2,FALSE,fruits,cheese,eggs,butter,salad dressing,apples,38.58,lip gloss,wallet,license,money,phone,tissues,29.494,clothing,watches,jewls,shoes,electronics,Video games,34.746,bread,cupcakes,cakes,chocolate dipped strawberries,brownies,cookies,32.614,TV,couch,table,microwave,fridge,counter,24.857,milk,beer,water,candy,beef jerky,cigarettes,29.888,Chicken,Salad,Steak,Burgers,Pizza,Nachos,33.755,swimming ,aerobics,yoga,power training,strength training,personal training,63.03,Music history,American history,Algebra,Calculus,Business management,English,73.327,bicycle,sports gear,skateboard,roller skates,motorcycle,cabinet,51.298,suitcase,safe,blankets,robe,clothing,hangers,31.098
97.84.111.167,1293,36.9102,-121.756,A36ZRUGMKQA5KO,FALSE,Milk,Eggs,Butter,salad,meat,Cheese,47.991,Lip Stick,Wallet,id,Credit Card,Make Up,keys,84.101,clothing,electronics,ice cream,shoes,jewls,department,133.68,Bread,Muffins,Bread Sticks,Buns,Flat Bread,,147.089,Dishwasher,Kitchen Sink,Shower,Toilet,Couch,Table,67.717,Liquor,Cigarettes,Lottery Tickets,Chips,Candy,Soft Drinks,67.319,Salad,Soup,Sandwich,Hamburger,Chicken,Fries,69.335,spin,weights,Swimming,Aerobics,Yoga,gymnastics,153.301,Grammar,English,History,Civics,Political Science,Music,186.681,Car,Lawn Mower,gardening tools,,Tools,auto gear,66.36,Shirts,Pants,Shoes,Belts,Ties,hangers,66.956
98.244.46.160,969,38.6353,-121.456,A12MV66U9VGLQ1,FALSE,jelly,vegetables,salad,condiments,butter,meat,51.8,lipstick,tissues,hand sanitizer,grocery list,money,id,55.047,clothing,music,toy,escalator,mall map,shoes,72.506,bread,rye bread,white bread,wheat bread,croissants,brioche,57.826,books,tv,blender,makeup,bath tub,coasters,67.863,milk,beer,wine,cigarettes,lottery ticket,candy,35.236,soup,salad,dessert,stroganoff,cog au vin,biscuits,56.949,zumba,aqua aerobics,fencing,jazzercize,spin,yoga,87.184,history,sociology,american literature,poetry,dressmaking,painting,185.101,bicycle,sports gear,treadmill,christmas ornaments,surfboard,car,70.42,tuxedo,suit,muffler,pith helmet,boots,rain coat,54.13
107.77.234.126,812,33.7485,-84.3871,A249EWKM1EOARK,FALSE,fruit,vegetables,yogurt,condiments,,,65.276,lipstick,phonebook,phone,medicine,wallet,bible,76.152,clothing,shoes,jewls,video game,candy,salon,44.494,bread,soda,pretzels,bagels,napkins,water,76.915,read books,hide and seek,cook,bake,tv,clean,54.738,drinks,sides,can vegs,milk,water,bread,66.96,entree,salad,dessert,sides,appetizers,sandwiches,50.062,economic,foreign language,science,english,math,business,59.552,fiction,biography,religion,cookbooks,movies,magazines,46.595,car,paint,tools,gardening tools,boxes,toys,72.115,book,towel,shoes,bags,purse,love letters,65.677
71.56.121.5,732,33.87801,-83.8923,A3P4XZJM2DEATZ,FALSE,eggs,vegetables,meat,cheese,condiments,,40.824,tissue,mirror,chapstick,money,headphones,id,50.715,clothing,sports gear,makeup,perfume,outdoors,shoes,61.181,croissant,sourdough,focaccia,sausage roll,sandwiches,meat pies,74.18,art,vases,tables,lamp,shelves,washing machine,74.501,soda,cigarettes,energy drinks,corn dogs,slushee,milkshake,53.275,Wings,tenders,burgers,salad,soup,salmon,37.661,zumba,spin,yoga,pilates,meditation,strength training,57.588,cooking,mystery,children's books,design,architecture,gardening,59.595,workout gear,hand tools,car,motorcycle,bike,bug spray,38.902,jeans,long sleeve shirt,sweater,boots,scarf,gown,40.324
174.204.201.16,1698,45.51759,-122.672,A1F1OZ54G177D8,FALSE,meat,bread,eggs,steak,beef,chicken,17.069,mirror,wallet,brush,tissues,phone,makup,48.049,clothing,jewls,art,electronics,fountains,,39.389,rolls,bagels,crossants,baguette,pancakes,pickles,60.241,furnitute,computer,glasses,desk,knifes,boxes,1091.976,bread,steak,hamburger,chicken,salt,cakes,21.968,burgers,fries,pancakes,waffles,chicken,steak,26.287,boxing,tennis,badminton,diving,fencing,swimming,39.971,Math,history,geometry,french,music,Art,29.497,gardening tools,,car,lawnmower,bicycle,sports gear,41.37,pants,jacket,shirt,coats,boots,socks,38.793
24.93.146.107,2600,43.73399,-70.2625,A2EMTSJS47K8SU,FALSE,condiments,,meat,bread,pickles,,33.191,gum,wallet,make up,lip stick,snacks,ear rings,57.839,clothing,sports,glasses,shoes,video games,electronics,195.395,Bread,garlic bread,croissants,pie crust,crepes,,51.028,Guns,knives,logs,Stove,oil,Electrical plugs,258.52,meat,crackers,oil,Gasoline,toilet paper,milk,34.771,burgers,fries,soda,sandwich,pasta,juice,28.667,Tennis,golf,boxing,biking,fishing,hunting,79.102,Accounting,algebra,calculus,trigonometry,geometry,history,56.506,pipes,oil,gas,tools,tires,heater,44.232,Boots,suit,pants,belt,jacket,pjs,113.246
45.22.248.103,692,39.84869,-86.3782,AX7VQSTZA8DQA,FALSE,vegetables,,leftovers,eggs,,fruits,32.789,lipstick,wallet,keychain,glasses,lip gloss,perfume,44.176,department,theater,arts,books,electronics,hardware,65.298,croissants,pizza,pretzels,dinner rolls,baguettes,garlic bread,69.232,books,craft supplies,paintings,shelves,televison,cupboard,61.009,beef jerky,donuts,sandwiches,pizza,ice cream,cakes,36.055,non-alcoholic beverages,fried chicken,fries,pork tenderloin,catfish,fried shrimp,64.254,walking,swimming,jogging,weights,yoga,karate,44.494,English,Foreign languages,Psychology,Sociology,Creative Writing,Art History,74.869,car,hose,spare tire,paint can,toolbox,gardening tools,37.76,wrapping paper,hangers,books,notebooks,medical supplies,chest of drawers,59.126
99.125.117.165,1311,35.9471,-87.2996,A2AAFWAAS9C1QC,FALSE,cheese,condiments,meat,pickles,salad,vegetables,66.516,money,,phone,tissue,chapstick,keys,83.263,clothing,sports,pet,bathroom,toys,appliances,183.783,flatbread,bagels,rolls,pretzels,biscuits,crackers,115.244,furniture,TV,antiques,jewelry,appliances,clothes,112.554,milk,beer,chips,candy,sodas,cigarettes,78.655,hamburgers,fries,tacos,chili,ice cream,chicken strips,39.499,yoga,weights,meditation,spin,cardio,wall climbing,142.97,sewing,foreign language,cooking,history,math,performing arts,132.218,car,bicycle,lawn mower,gardening tools,toolbox,,59.471,scarf,hat,coat,sweater,sweatpants,jeans,106.506
97.100.56.129,1034,28.3056,-81.4197,A3ULYZVZ0DDDK6,FALSE,Hotdogs,meat,fruit,condiments,Cake,Pie,23.009,Chapstick,Makeup,Money,keys,phone,Hair brush,57.878,clothing,jewls,skateboard,video games,candle,sports,51.056,Bread,Cabbage pie,Pizza,Quiche,Bagels,Hawaiian rolls,103.806,Clothing,Furniture,Power tools,Paintings,Wine,Weights,56.081,Chips,Cookies,Sandwiches,Chicken wings,Smoothies,Apples,66.163,Soda,Water,Root beer,Juice,Smoothies,Vitamin Water,81.743,Yoga,Pilates,spin,Martial arts,Boot camp,Core work,67.968,History,Math,Literature,Creative Writing,Computer programming,Social studies,34.601,Lawnmower,hand tools,auto gear,Cleaning supplies,Bicycle,Air compressor,32.646,pants,dress shirt,coat,Chinos,jacket,sweatpants,50.2